USE sushi_delivery;


-- transporttypes table
INSERT INTO TransportTypes 
			(Type) 
VALUES 
            ('Auto'),('Scooter'),('Bicycle');
            
-- couriers table         
INSERT INTO Couriers 
			(FirstName, LastName, BirthDate, PassportID, StartWorkDate, Phone)
VALUES
			('Oleg', 'Trufanov', '1986-11-24', '45083496719264', '2020-01-03', '375296319573'),
            ('Kirill', 'Panin', '1992-03-6', '95878236482754', '2020-01-12', '375449678326'),
            ('Alla', 'Shemlei', '1997-02-11', '84721699473127', '2020-01-05', '375297230712'),
            ('Sergei', 'Mironenko', '1983-08-04', '73610847592236', '2020-01-09', '375338471299'),
            ('Andrei', 'Kazak', '2001-04-17', '13249672604810', '2020-01-09', '375337592317'),
            ('Maxim', 'Valenkov', '1993-09-15', '94712649273857', '2020-01-14', '375299570270');


-- huskyownershipdict table
INSERT INTO HuskyOwnershipDict
			(id, HuskyOwnership)
VALUES
			(1, 'NO'),(2, 'YES');
            
-- citydistrictsdict table
INSERT INTO CityDistrictsDict
			(district, DeliveryZone)
VALUES
			('Central', 1),('RW', 1),('Fest', 2),('Volotova', 3);

-- restaurantsdict table            
INSERT INTO RestaurantsDict
			(RestaurantAddr, CityDistrict)
VALUES
			('Sviridova 14', 'Volotova'),('Kirova 42', 'Central');
            
-- paymentmethods table            
INSERT INTO PaymentMethods
			(PayMethod, LaunchDate)
VALUES
			('Cash', '2020-01-09'),('Card', '2020-01-11'),('Online', '2020-01-13');
            
-- ordermethodsdict table            
INSERT INTO OrderMethodsDict
			(OrdMethod, LaunchDate)
VALUES
			('Phone', '2020-01-09'),('Website', '2020-01-11'),('App', '2020-01-13');
            
-- assortment table            
INSERT INTO Assortment
			(Item, Weight, Price)
VALUES
			('CaliforniaRoll', 300, 6.8),
            ('PhiladelphiaRoll', 400, 7.24),
            ('ClassicCrabRoll', 250, 4.2),
            ('ClassicSalmonRoll', 400, 6.42),
            ('CucumberRoll', 300, 3.8),
            ('AlaskaRoll', 200, 4.25),
            ('KingCrabRoll', 200, 5.12),
            ('DragonRoll', 100, 2.9),
            ('BostonRoll', 300, 6.16);
            
-- statusdict table            
INSERT INTO StatusDict
			(Status)
VALUES
			('Placed'),('Confirmed'),('Fulfilled'),('Canceled');
            
-- transport table            
INSERT INTO Transport
			(Type, RegNum)
VALUES
			((SELECT id FROM transporttypes WHERE Type = 'Auto'), 'ET-3456'),
            ((SELECT id FROM transporttypes WHERE Type = 'Auto'), 'EB-8723'),
            ((SELECT id FROM transporttypes WHERE Type = 'Scooter'), 'ET-1298'),
            ((SELECT id FROM transporttypes WHERE Type = 'Scooter'), 'ET-4576'),
            ((SELECT id FROM transporttypes WHERE Type = 'Bicycle'), 'INV01'),
            ((SELECT id FROM transporttypes WHERE Type = 'Bicycle'), 'INV02');

-- couriersshifts table
INSERT INTO couriersshifts 
			(id, Courier, TransportUsed, StartTime, EndTime)
VALUES 		(1,2,3,'2020-03-08 08:00:00','2020-03-08 16:00:00'),(2,1,5,'2020-04-06 08:00:00','2020-04-06 20:00:00'),(3,6,5,'2020-07-05 08:00:00','2020-07-05 16:00:00'),(4,5,5,'2020-10-29 08:00:00','2020-10-29 20:00:00'),(5,3,4,'2020-03-08 08:00:00','2020-03-08 20:00:00'),(6,2,4,'2020-09-21 16:00:00','2020-09-22 04:00:00'),(7,6,5,'2020-04-29 08:00:00','2020-04-29 14:00:00'),(8,2,6,'2020-02-25 16:00:00','2020-02-26 04:00:00'),(9,2,6,'2020-05-18 08:00:00','2020-05-18 16:00:00'),(10,2,5,'2020-09-09 08:00:00','2020-09-09 20:00:00'),(11,4,1,'2020-03-07 00:00:00','2020-03-07 12:00:00'),(12,2,2,'2020-07-30 16:00:00','2020-07-31 00:00:00'),(13,4,3,'2020-12-09 08:00:00','2020-12-09 14:00:00'),(14,5,1,'2020-10-31 16:00:00','2020-11-01 00:00:00'),(15,1,2,'2020-12-04 00:00:00','2020-12-04 08:00:00'),(16,4,2,'2020-01-07 08:00:00','2020-01-07 14:00:00'),(17,5,4,'2020-08-28 00:00:00','2020-08-28 12:00:00'),(18,3,2,'2020-05-08 08:00:00','2020-05-08 16:00:00'),(19,6,4,'2020-08-21 00:00:00','2020-08-21 06:00:00'),(20,2,3,'2020-07-19 16:00:00','2020-07-19 22:00:00'),(21,4,2,'2020-09-05 00:00:00','2020-09-05 06:00:00'),(22,2,2,'2020-09-03 00:00:00','2020-09-03 12:00:00'),(23,3,5,'2020-07-12 00:00:00','2020-07-12 12:00:00'),(24,1,5,'2020-09-05 16:00:00','2020-09-06 00:00:00'),(25,5,1,'2020-06-12 16:00:00','2020-06-13 04:00:00'),(26,3,3,'2020-03-18 16:00:00','2020-03-18 22:00:00'),(27,3,1,'2020-01-03 16:00:00','2020-01-03 22:00:00'),(28,4,1,'2020-12-09 00:00:00','2020-12-09 06:00:00'),(29,3,4,'2020-06-04 16:00:00','2020-06-05 00:00:00'),(30,6,6,'2020-01-06 08:00:00','2020-01-06 16:00:00'),(31,3,4,'2020-04-10 16:00:00','2020-04-10 22:00:00'),(32,3,1,'2020-03-10 00:00:00','2020-03-10 12:00:00'),(33,1,5,'2020-01-10 00:00:00','2020-01-10 12:00:00'),(34,1,3,'2020-03-17 16:00:00','2020-03-17 22:00:00'),(35,6,4,'2020-04-27 08:00:00','2020-04-27 16:00:00'),(36,2,3,'2020-06-09 16:00:00','2020-06-10 04:00:00'),(37,2,4,'2020-06-20 16:00:00','2020-06-21 04:00:00'),(38,1,5,'2020-11-08 00:00:00','2020-11-08 08:00:00'),(39,5,5,'2020-05-05 00:00:00','2020-05-05 08:00:00'),(40,4,6,'2020-03-15 16:00:00','2020-03-16 04:00:00'),(41,6,4,'2020-01-19 16:00:00','2020-01-19 22:00:00'),(42,3,1,'2020-08-26 00:00:00','2020-08-26 08:00:00'),(43,4,2,'2020-06-19 08:00:00','2020-06-19 20:00:00'),(44,1,5,'2020-08-29 16:00:00','2020-08-30 00:00:00'),(45,4,3,'2020-11-15 00:00:00','2020-11-15 06:00:00'),(46,3,4,'2020-02-28 16:00:00','2020-02-29 00:00:00'),(47,4,1,'2020-08-12 08:00:00','2020-08-12 14:00:00'),(48,3,5,'2020-05-11 08:00:00','2020-05-11 14:00:00'),(49,1,3,'2020-10-17 00:00:00','2020-10-17 06:00:00'),(50,2,3,'2020-08-25 00:00:00','2020-08-25 12:00:00'),(51,2,4,'2020-06-21 16:00:00','2020-06-21 22:00:00'),(52,6,4,'2020-01-25 08:00:00','2020-01-25 16:00:00'),(53,5,4,'2020-05-11 08:00:00','2020-05-11 16:00:00'),(54,4,2,'2020-11-03 00:00:00','2020-11-03 12:00:00'),(55,5,4,'2020-12-08 16:00:00','2020-12-09 00:00:00'),(56,2,6,'2020-06-18 16:00:00','2020-06-19 00:00:00'),(57,1,5,'2020-01-06 16:00:00','2020-01-06 22:00:00'),(58,3,5,'2020-08-26 00:00:00','2020-08-26 12:00:00'),(59,3,1,'2020-09-08 16:00:00','2020-09-09 04:00:00'),(60,2,3,'2020-12-18 08:00:00','2020-12-18 14:00:00'),(61,4,3,'2020-08-14 08:00:00','2020-08-14 14:00:00'),(62,6,1,'2020-07-28 08:00:00','2020-07-28 16:00:00'),(63,4,6,'2020-07-03 16:00:00','2020-07-03 22:00:00'),(64,5,3,'2020-03-13 16:00:00','2020-03-14 00:00:00'),(65,1,3,'2020-07-13 00:00:00','2020-07-13 06:00:00'),(66,5,2,'2020-08-13 00:00:00','2020-08-13 06:00:00'),(67,6,5,'2020-06-14 16:00:00','2020-06-14 22:00:00'),(68,3,3,'2020-11-18 08:00:00','2020-11-18 16:00:00'),(69,4,2,'2020-09-26 00:00:00','2020-09-26 12:00:00'),(70,6,1,'2020-10-16 08:00:00','2020-10-16 20:00:00'),(71,6,2,'2020-05-13 08:00:00','2020-05-13 14:00:00'),(72,4,5,'2020-11-13 08:00:00','2020-11-13 20:00:00'),(73,2,5,'2020-05-12 00:00:00','2020-05-12 12:00:00'),(74,3,4,'2020-11-21 16:00:00','2020-11-22 04:00:00'),(75,5,6,'2020-08-28 08:00:00','2020-08-28 16:00:00'),(76,5,1,'2020-04-03 00:00:00','2020-04-03 08:00:00'),(77,4,5,'2020-11-10 08:00:00','2020-11-10 14:00:00'),(78,6,6,'2020-11-05 00:00:00','2020-11-05 08:00:00'),(79,2,4,'2020-05-22 16:00:00','2020-05-22 22:00:00'),(80,6,2,'2020-01-26 16:00:00','2020-01-27 04:00:00'),(81,6,1,'2020-10-11 00:00:00','2020-10-11 08:00:00'),(82,6,1,'2020-05-24 08:00:00','2020-05-24 16:00:00'),(83,6,2,'2020-11-18 00:00:00','2020-11-18 12:00:00'),(84,1,6,'2020-06-13 16:00:00','2020-06-14 00:00:00'),(85,3,3,'2020-08-11 00:00:00','2020-08-11 06:00:00'),(86,6,3,'2020-03-01 00:00:00','2020-03-01 06:00:00'),(87,3,1,'2020-07-21 00:00:00','2020-07-21 08:00:00'),(88,1,2,'2020-07-14 16:00:00','2020-07-15 00:00:00'),(89,6,6,'2020-02-22 08:00:00','2020-02-22 14:00:00'),(90,6,1,'2020-01-27 08:00:00','2020-01-27 14:00:00'),(91,6,2,'2020-03-16 08:00:00','2020-03-16 20:00:00'),(92,3,3,'2020-02-20 16:00:00','2020-02-20 22:00:00'),(93,1,3,'2020-12-01 08:00:00','2020-12-01 20:00:00'),(94,3,5,'2020-03-28 00:00:00','2020-03-28 06:00:00'),(95,2,2,'2020-06-04 16:00:00','2020-06-04 22:00:00'),(96,5,6,'2020-08-05 16:00:00','2020-08-06 04:00:00'),(97,3,6,'2020-12-03 16:00:00','2020-12-04 00:00:00'),(98,3,4,'2020-01-01 16:00:00','2020-01-02 00:00:00'),(99,5,6,'2020-04-07 08:00:00','2020-04-07 16:00:00'),(100,2,6,'2020-05-21 00:00:00','2020-05-21 06:00:00'),(101,2,2,'2020-07-30 08:00:00','2020-07-30 14:00:00'),(102,6,5,'2020-05-04 08:00:00','2020-05-04 20:00:00'),(103,6,1,'2020-11-10 00:00:00','2020-11-10 08:00:00'),(104,4,5,'2020-05-22 00:00:00','2020-05-22 06:00:00'),(105,1,3,'2020-05-31 16:00:00','2020-05-31 22:00:00'),(106,2,4,'2020-02-01 16:00:00','2020-02-02 00:00:00'),(107,4,3,'2020-02-18 16:00:00','2020-02-19 00:00:00'),(108,5,6,'2020-07-22 00:00:00','2020-07-22 06:00:00'),(109,1,2,'2020-08-02 00:00:00','2020-08-02 12:00:00'),(110,3,1,'2020-06-06 00:00:00','2020-06-06 06:00:00'),(111,2,4,'2020-09-21 16:00:00','2020-09-22 00:00:00'),(112,6,1,'2020-01-26 00:00:00','2020-01-26 08:00:00'),(113,4,4,'2020-02-16 08:00:00','2020-02-16 20:00:00'),(114,6,1,'2020-12-04 00:00:00','2020-12-04 12:00:00'),(115,3,1,'2020-08-30 00:00:00','2020-08-30 12:00:00'),(116,1,5,'2020-07-17 08:00:00','2020-07-17 16:00:00'),(117,2,5,'2020-08-02 16:00:00','2020-08-02 22:00:00'),(118,4,3,'2020-06-07 08:00:00','2020-06-07 16:00:00'),(119,5,4,'2020-04-30 08:00:00','2020-04-30 16:00:00'),(120,5,3,'2020-12-22 08:00:00','2020-12-22 16:00:00'),(121,1,6,'2020-05-18 00:00:00','2020-05-18 06:00:00'),(122,6,4,'2020-12-13 08:00:00','2020-12-13 16:00:00'),(123,6,5,'2020-02-19 16:00:00','2020-02-20 00:00:00'),(124,5,4,'2020-06-02 00:00:00','2020-06-02 08:00:00'),(125,6,2,'2020-08-25 08:00:00','2020-08-25 16:00:00'),(126,5,2,'2020-08-06 08:00:00','2020-08-06 16:00:00'),(127,2,4,'2020-06-22 16:00:00','2020-06-22 22:00:00'),(128,3,1,'2020-04-25 00:00:00','2020-04-25 12:00:00'),(129,2,5,'2020-05-04 08:00:00','2020-05-04 16:00:00'),(130,5,1,'2020-02-11 00:00:00','2020-02-11 12:00:00'),(131,5,1,'2020-02-23 16:00:00','2020-02-24 00:00:00'),(132,2,1,'2020-03-13 08:00:00','2020-03-13 14:00:00'),(133,3,4,'2020-07-19 08:00:00','2020-07-19 20:00:00'),(134,6,6,'2020-12-22 08:00:00','2020-12-22 16:00:00'),(135,2,2,'2020-07-18 08:00:00','2020-07-18 14:00:00'),(136,2,3,'2020-11-05 08:00:00','2020-11-05 16:00:00'),(137,4,1,'2020-04-05 16:00:00','2020-04-06 04:00:00'),(138,3,4,'2020-05-05 00:00:00','2020-05-05 06:00:00'),(139,4,2,'2020-04-12 00:00:00','2020-04-12 08:00:00'),(140,3,3,'2020-10-15 00:00:00','2020-10-15 06:00:00'),(141,1,4,'2020-03-16 08:00:00','2020-03-16 20:00:00'),(142,4,4,'2020-09-18 00:00:00','2020-09-18 12:00:00'),(143,2,5,'2020-07-16 08:00:00','2020-07-16 16:00:00'),(144,5,4,'2020-02-22 08:00:00','2020-02-22 16:00:00'),(145,6,4,'2020-05-18 08:00:00','2020-05-18 20:00:00'),(146,4,6,'2020-02-05 08:00:00','2020-02-05 20:00:00'),(147,4,1,'2020-10-08 00:00:00','2020-10-08 12:00:00'),(148,5,3,'2020-10-29 16:00:00','2020-10-30 00:00:00'),(149,4,5,'2020-08-29 08:00:00','2020-08-29 14:00:00'),(150,4,1,'2020-12-16 16:00:00','2020-12-17 04:00:00'),(151,4,4,'2020-10-23 08:00:00','2020-10-23 14:00:00'),(152,6,5,'2020-05-20 08:00:00','2020-05-20 16:00:00'),(153,3,3,'2020-08-17 00:00:00','2020-08-17 08:00:00'),(154,5,4,'2020-01-30 08:00:00','2020-01-30 14:00:00'),(155,6,5,'2020-12-15 08:00:00','2020-12-15 14:00:00'),(156,4,4,'2020-07-29 16:00:00','2020-07-30 00:00:00'),(157,3,1,'2020-09-30 08:00:00','2020-09-30 16:00:00'),(158,2,2,'2020-06-08 16:00:00','2020-06-09 04:00:00'),(159,1,2,'2020-07-24 00:00:00','2020-07-24 06:00:00'),(160,3,3,'2020-01-01 08:00:00','2020-01-01 16:00:00'),(161,3,6,'2020-06-01 00:00:00','2020-06-01 06:00:00'),(162,3,5,'2020-08-21 16:00:00','2020-08-22 04:00:00'),(163,5,5,'2020-02-09 00:00:00','2020-02-09 06:00:00'),(164,5,3,'2020-11-10 16:00:00','2020-11-10 22:00:00'),(165,1,4,'2020-09-25 08:00:00','2020-09-25 16:00:00'),(166,5,2,'2020-08-14 16:00:00','2020-08-14 22:00:00'),(167,1,1,'2020-01-09 00:00:00','2020-01-09 08:00:00'),(168,4,4,'2020-04-05 16:00:00','2020-04-06 00:00:00'),(169,4,2,'2020-12-11 16:00:00','2020-12-12 04:00:00'),(170,2,4,'2020-07-01 16:00:00','2020-07-02 00:00:00'),(171,1,2,'2020-01-14 00:00:00','2020-01-14 12:00:00'),(172,1,1,'2020-06-07 08:00:00','2020-06-07 16:00:00'),(173,1,6,'2020-01-23 16:00:00','2020-01-24 00:00:00'),(174,5,1,'2020-09-05 00:00:00','2020-09-05 12:00:00'),(175,3,5,'2020-06-02 00:00:00','2020-06-02 12:00:00'),(176,3,5,'2020-05-30 00:00:00','2020-05-30 12:00:00'),(177,4,3,'2020-06-26 16:00:00','2020-06-27 00:00:00'),(178,4,2,'2020-07-14 08:00:00','2020-07-14 16:00:00'),(179,6,5,'2020-11-03 16:00:00','2020-11-03 22:00:00'),(180,4,2,'2020-09-29 08:00:00','2020-09-29 14:00:00'),(181,3,5,'2020-05-07 16:00:00','2020-05-07 22:00:00'),(182,1,4,'2020-04-08 08:00:00','2020-04-08 20:00:00'),(183,1,3,'2020-02-29 00:00:00','2020-02-29 12:00:00'),(184,3,3,'2020-12-02 00:00:00','2020-12-02 06:00:00'),(185,2,5,'2020-02-18 16:00:00','2020-02-19 04:00:00'),(186,2,1,'2020-06-28 08:00:00','2020-06-28 16:00:00'),(187,5,4,'2020-02-16 16:00:00','2020-02-17 04:00:00'),(188,3,3,'2020-06-27 08:00:00','2020-06-27 14:00:00'),(189,1,4,'2020-01-21 00:00:00','2020-01-21 12:00:00'),(190,2,3,'2020-11-27 16:00:00','2020-11-27 22:00:00'),(191,3,2,'2020-01-14 08:00:00','2020-01-14 14:00:00'),(192,2,5,'2020-02-21 08:00:00','2020-02-21 20:00:00'),(193,1,4,'2020-09-18 16:00:00','2020-09-19 04:00:00'),(194,2,4,'2020-12-08 00:00:00','2020-12-08 12:00:00'),(195,6,4,'2020-01-24 16:00:00','2020-01-25 00:00:00'),(196,6,5,'2020-02-11 08:00:00','2020-02-11 16:00:00'),(197,3,1,'2020-08-24 08:00:00','2020-08-24 16:00:00'),(198,1,5,'2020-08-06 00:00:00','2020-08-06 12:00:00'),(199,4,5,'2020-10-28 08:00:00','2020-10-28 14:00:00'),(200,5,6,'2020-07-25 16:00:00','2020-07-26 00:00:00'),(201,6,1,'2020-05-28 00:00:00','2020-05-28 12:00:00'),(202,2,4,'2020-08-17 16:00:00','2020-08-18 04:00:00'),(203,3,6,'2020-01-05 00:00:00','2020-01-05 08:00:00'),(204,6,6,'2020-04-29 16:00:00','2020-04-29 22:00:00'),(205,2,3,'2020-12-10 08:00:00','2020-12-10 16:00:00'),(206,3,2,'2020-11-28 08:00:00','2020-11-28 20:00:00'),(207,2,1,'2020-03-09 16:00:00','2020-03-10 00:00:00'),(208,3,5,'2020-08-22 08:00:00','2020-08-22 14:00:00'),(209,4,6,'2020-07-31 16:00:00','2020-07-31 22:00:00'),(210,1,1,'2020-01-26 00:00:00','2020-01-26 08:00:00'),(211,2,2,'2020-03-19 08:00:00','2020-03-19 20:00:00'),(212,5,2,'2020-06-19 00:00:00','2020-06-19 08:00:00'),(213,3,3,'2020-09-22 08:00:00','2020-09-22 20:00:00'),(214,4,1,'2020-11-28 00:00:00','2020-11-28 06:00:00'),(215,4,5,'2020-08-18 08:00:00','2020-08-18 20:00:00'),(216,3,5,'2020-06-06 08:00:00','2020-06-06 14:00:00'),(217,2,1,'2020-02-13 16:00:00','2020-02-14 00:00:00'),(218,6,1,'2020-05-19 00:00:00','2020-05-19 08:00:00'),(219,3,1,'2020-02-14 00:00:00','2020-02-14 12:00:00'),(220,2,5,'2020-07-05 16:00:00','2020-07-05 22:00:00'),(221,6,5,'2020-06-27 00:00:00','2020-06-27 12:00:00'),(222,2,2,'2020-06-17 08:00:00','2020-06-17 16:00:00'),(223,5,1,'2020-02-11 16:00:00','2020-02-11 22:00:00'),(224,3,2,'2020-12-05 00:00:00','2020-12-05 08:00:00'),(225,4,6,'2020-11-28 08:00:00','2020-11-28 14:00:00'),(226,5,6,'2020-07-14 08:00:00','2020-07-14 16:00:00'),(227,1,2,'2020-04-26 08:00:00','2020-04-26 20:00:00'),(228,5,1,'2020-04-06 16:00:00','2020-04-07 00:00:00'),(229,4,5,'2020-09-18 08:00:00','2020-09-18 16:00:00'),(230,3,6,'2020-02-03 16:00:00','2020-02-04 04:00:00'),(231,6,3,'2020-04-08 00:00:00','2020-04-08 12:00:00'),(232,4,2,'2020-10-03 00:00:00','2020-10-03 06:00:00'),(233,6,4,'2020-08-08 00:00:00','2020-08-08 08:00:00'),(234,1,5,'2020-06-05 00:00:00','2020-06-05 06:00:00'),(235,5,2,'2020-07-31 00:00:00','2020-07-31 06:00:00'),(236,6,2,'2020-10-09 00:00:00','2020-10-09 08:00:00'),(237,1,6,'2020-03-12 00:00:00','2020-03-12 12:00:00'),(238,4,5,'2020-11-23 00:00:00','2020-11-23 08:00:00'),(239,4,4,'2020-04-13 00:00:00','2020-04-13 12:00:00'),(240,5,6,'2020-01-13 16:00:00','2020-01-14 04:00:00'),(241,5,3,'2020-11-26 00:00:00','2020-11-26 06:00:00'),(242,4,3,'2020-07-04 08:00:00','2020-07-04 14:00:00'),(243,1,4,'2020-11-29 08:00:00','2020-11-29 14:00:00'),(244,1,4,'2020-07-31 08:00:00','2020-07-31 20:00:00'),(245,1,5,'2020-06-27 16:00:00','2020-06-28 04:00:00'),(246,2,3,'2020-11-02 00:00:00','2020-11-02 08:00:00'),(247,3,3,'2020-03-24 08:00:00','2020-03-24 16:00:00'),(248,4,1,'2020-06-13 00:00:00','2020-06-13 08:00:00'),(249,6,2,'2020-07-25 16:00:00','2020-07-26 04:00:00'),(250,6,5,'2020-05-08 00:00:00','2020-05-08 08:00:00'),(251,3,3,'2020-08-19 00:00:00','2020-08-19 12:00:00'),(252,3,2,'2020-04-25 16:00:00','2020-04-26 00:00:00'),(253,6,4,'2020-10-22 00:00:00','2020-10-22 06:00:00'),(254,4,1,'2020-02-06 00:00:00','2020-02-06 12:00:00'),(255,1,2,'2020-02-29 08:00:00','2020-02-29 14:00:00'),(256,6,5,'2020-05-15 08:00:00','2020-05-15 14:00:00'),(257,5,3,'2020-05-04 00:00:00','2020-05-04 12:00:00'),(258,3,1,'2020-08-05 00:00:00','2020-08-05 12:00:00'),(259,1,3,'2020-08-19 08:00:00','2020-08-19 16:00:00'),(260,3,3,'2020-12-04 08:00:00','2020-12-04 14:00:00'),(261,2,2,'2020-07-22 08:00:00','2020-07-22 16:00:00'),(262,5,5,'2020-03-20 00:00:00','2020-03-20 12:00:00'),(263,5,3,'2020-06-19 08:00:00','2020-06-19 20:00:00'),(264,5,3,'2020-04-13 08:00:00','2020-04-13 14:00:00'),(265,5,2,'2020-01-29 00:00:00','2020-01-29 08:00:00'),(266,4,2,'2020-08-17 08:00:00','2020-08-17 14:00:00'),(267,6,3,'2020-07-12 08:00:00','2020-07-12 16:00:00'),(268,5,1,'2020-08-31 08:00:00','2020-08-31 20:00:00'),(269,3,6,'2020-11-17 00:00:00','2020-11-17 08:00:00'),(270,2,3,'2020-02-04 00:00:00','2020-02-04 06:00:00'),(271,5,4,'2020-09-11 16:00:00','2020-09-11 22:00:00'),(272,3,2,'2020-11-07 08:00:00','2020-11-07 14:00:00'),(273,6,1,'2020-08-15 00:00:00','2020-08-15 12:00:00'),(274,4,3,'2020-01-25 08:00:00','2020-01-25 20:00:00'),(275,5,1,'2020-05-23 16:00:00','2020-05-24 04:00:00'),(276,6,4,'2020-05-19 16:00:00','2020-05-19 22:00:00'),(277,5,3,'2020-11-28 16:00:00','2020-11-29 04:00:00'),(278,6,3,'2020-03-07 08:00:00','2020-03-07 16:00:00'),(279,4,6,'2020-04-09 08:00:00','2020-04-09 20:00:00'),(280,4,2,'2020-12-13 00:00:00','2020-12-13 06:00:00'),(281,5,6,'2020-08-24 08:00:00','2020-08-24 14:00:00'),(282,5,2,'2020-06-12 08:00:00','2020-06-12 14:00:00'),(283,3,6,'2020-06-24 16:00:00','2020-06-25 04:00:00'),(284,3,4,'2020-10-28 00:00:00','2020-10-28 06:00:00'),(285,1,4,'2020-06-29 16:00:00','2020-06-30 04:00:00'),(286,1,2,'2020-09-02 16:00:00','2020-09-03 00:00:00'),(287,3,1,'2020-05-16 08:00:00','2020-05-16 16:00:00'),(288,3,1,'2020-12-15 16:00:00','2020-12-16 00:00:00'),(289,1,6,'2020-08-03 16:00:00','2020-08-04 00:00:00'),(290,2,2,'2020-09-09 00:00:00','2020-09-09 12:00:00'),(291,1,3,'2020-08-08 00:00:00','2020-08-08 12:00:00'),(292,4,5,'2020-09-27 08:00:00','2020-09-27 20:00:00'),(293,2,4,'2020-01-20 00:00:00','2020-01-20 12:00:00'),(294,2,5,'2020-01-22 16:00:00','2020-01-22 22:00:00'),(295,2,4,'2020-03-07 16:00:00','2020-03-08 00:00:00'),(296,6,3,'2020-04-21 00:00:00','2020-04-21 12:00:00'),(297,2,2,'2020-01-30 08:00:00','2020-01-30 14:00:00'),(298,1,5,'2020-05-06 08:00:00','2020-05-06 14:00:00'),(299,5,2,'2020-04-13 08:00:00','2020-04-13 20:00:00'),(300,6,5,'2020-04-12 08:00:00','2020-04-12 16:00:00');

-- customers table
INSERT INTO customers
			(id, FirstName, LastName, Phone, BirthDate, Login, Hash, Email, RegDate, IsHuskyOwner)
VALUES 		(1,'Dara',NULL,'361432563007',NULL,'volutpat','UPR70MZG9YD','enim@pretiumaliquet.org','2020-10-07 00:00:00',NULL),(2,'Rooney','Butler','330832589334','2002-02-18','vitae67','AWB08SEP9XF','ad@anteiaculisnec.ca','2020-05-07 00:00:00',1),(3,'Carson','Barrera','220563035643','1964-11-24','vitae','CGJ02GCB2VB','Cum@scelerisquescelerisque.net','2020-04-18 00:00:00',1),(4,'Leo','Tanner','574302959163','1953-06-04','vehicula91','BWQ79KVF6YD','at.libero.Morbi@sagittisplaceratCras.org','2020-10-13 00:00:00',1),(5,'Arsenio','Tyler','357801497502','1964-10-09','vehicula','SIM63YXF7YY','Nunc.mauris.sapien@magnamalesuada.net','2020-01-09 00:00:00',1),(6,'Signe','Graham','849429791153','1951-03-15','varius','BGH01SKT4OM','at.pede.Cras@tinciduntaliquamarcu.net','2020-06-06 00:00:00',1),(7,'Logan','Gilliam','573204019341','1941-02-21','ut','ILN64UEV8GH','Sed@vellectus.ca','2020-08-06 00:00:00',1),(8,'Hermione','Duke','364628948361','1943-10-17','turpis83','QCK59IZB1NK','massa.Mauris@nonarcu.ca','2020-01-14 00:00:00',1),(9,'Austin','Washington','447938783967','1982-12-03','turpis','DSY94MAD2NR','ad.litora.torquent@nonnisiAenean.ca','2020-07-15 00:00:00',1),(10,'Cody','Middleton','714105908153','1941-04-27','tempor','QDX76QHX2JD','eleifend.vitae@nonmagnaNam.org','2020-11-18 00:00:00',1),(11,'Flavia','Morales','665644839488','1949-06-22','tellus12','PAB12XUK7KE','vitae.risus.Duis@porttitortellus.co.uk','2020-08-09 00:00:00',1),(12,'Dominique','Snyder','379617413350','1941-10-05','tellus','IDO57YUD8QC','vestibulum.Mauris.magna@risusvarius.net','2020-09-25 00:00:00',2),(13,'Keane','Wilcox','375098102057','1960-02-11','Suspendisse68','OOV97HYX5JQ','dui.Cras@fermentum.ca','2020-10-02 00:00:00',2),(14,'Elton',NULL,'227389355724',NULL,'Suspendisse','EBJ76XQE6YN','ridiculus.mus.Donec@euligula.org','2020-05-06 00:00:00',NULL),(15,'Jane',NULL,'755678525721',NULL,'suscipit','UOL23TFP9VS','augue.malesuada.malesuada@in.com','2020-07-22 00:00:00',NULL),(16,'Cairo','Tucker','963941903271','1984-08-25','sodales','AMX52OJK8CC','commodo.hendrerit.Donec@eget.net','2020-08-02 00:00:00',2),(17,'Amos',NULL,'666202622689',NULL,'sit','DFE31AMV6YU','magna.Praesent.interdum@tincidunt.net','2020-07-25 00:00:00',NULL),(18,'Cailin','Flores','276869650245','1951-05-27','senectus','AZI54CTZ3OT','non@interdum.com','2020-10-29 00:00:00',1),(19,'Shea',NULL,'132216192299',NULL,'Sed','MYH30VBS2HW','ante.lectus.convallis@inhendreritconsectetuer.edu','2020-12-19 00:00:00',NULL),(20,'Suki','Garner','357537961762','1994-11-26','scelerisque','YEQ37ZZB6JX','sem.ut.dolor@facilisislorem.org','2020-03-25 00:00:00',1),(21,'Castor','Ramsey','595842607835','1986-11-05','rutrum5','HSX06ZNB8BC','ullamcorper@blanditat.org','2020-05-27 00:00:00',2),(22,'Murphy',NULL,'937861644423',NULL,'rutrum','QLM41TTC4VC','magna.a@elitelit.co.uk','2020-05-20 00:00:00',NULL),(23,'Lois','Chaney','504906356364','1990-05-19','risus','SQO53BSE9YF','Pellentesque@esttempor.org','2020-10-03 00:00:00',1),(24,'Eugenia','Stafford','725369357724','1949-08-06','rhoncus','QEI30BNZ0ET','scelerisque@a.co.uk','2020-04-22 00:00:00',1),(25,'Macaulay',NULL,'326775956227',NULL,'quam','EED94GKI2BD','iaculis@netus.edu','2020-02-12 00:00:00',NULL),(26,'Caleb',NULL,'382226906309',NULL,'purus','VES09KND9JN','hendrerit.id@disparturient.ca','2020-11-15 00:00:00',NULL),(27,'Sara','Sanchez','611366959253','1970-09-12','Proin','MWK24XWH3GQ','pede.nec.ante@nonante.net','2020-03-24 00:00:00',2),(28,'Sylvia','Valenzuela','834467238293','1990-04-08','Praesent','PTI79HJP1LF','Phasellus.ornare@nunc.edu','2020-06-19 00:00:00',1),(29,'Kylee','Odom','128353049465','1963-04-06','placerat','SOU99PBJ1ML','eu.ligula@aliquam.edu','2020-01-24 00:00:00',1),(30,'Alexandra',NULL,'631615753446',NULL,'Phasellus95','WRD06MOR2DR','eu.eleifend@amet.net','2020-02-29 00:00:00',NULL),(31,'Quon','Alexander','376516522787','2002-12-31','Phasellus','KYJ22TFC9SK','vestibulum.nec.euismod@Praesent.org','2020-06-17 00:00:00',1),(32,'Nevada',NULL,'612573475221',NULL,'pharetra','ZQU17ZJM7UN','Praesent@nisl.co.uk','2020-01-26 00:00:00',NULL),(33,'Tyrone',NULL,'372627704026',NULL,'pede','RSW46WQW6MV','Maecenas.malesuada@ascelerisquesed.ca','2020-06-02 00:00:00',NULL),(34,'Debra',NULL,'489637084339',NULL,'parturient','XXR58KHR8AD','mollis.Phasellus@antedictum.net','2020-08-26 00:00:00',NULL),(35,'Josiah','Patterson','791736378820','1960-06-14','ornare','CQE90UWQ8XW','ut@enim.org','2020-09-13 00:00:00',1),(36,'Tyrone','Ashley','541165652778','1997-09-14','nunc','JSZ37STY0VT','mollis@vel.net','2020-02-04 00:00:00',1),(37,'Shay',NULL,'355961065538',NULL,'Nullam93','KRV46WIV9RO','non@pellentesqueafacilisis.org','2020-10-06 00:00:00',NULL),(38,'Callie','Kane','791853229799','1994-04-11','Nullam','XAZ46UAM9LF','congue.turpis@auctorMauris.org','2020-05-08 00:00:00',1),(39,'Whoopi','Ferguson','932524533466','1985-01-25','nulla','DHQ38NLP7XQ','nec.leo@dictummagnaUt.edu','2020-08-13 00:00:00',1),(40,'Anne',NULL,'494776177501',NULL,'nonummy','FLY18VYF3OD','non.dapibus@Duisacarcu.edu','2020-02-19 00:00:00',NULL),(41,'Carolyn','Carroll','127216887720','2003-01-30','non21','YVS15KTW7SW','sodales.at@SuspendissesagittisNullam.edu','2020-01-20 00:00:00',1),(42,'Hiroko','Snyder','354643074215','1977-03-01','non','HSL87UZX0XW','in.consequat@netuset.co.uk','2020-02-29 00:00:00',1),(43,'Astra',NULL,'278858110798',NULL,'nisl','EHQ10RCU9VT','hendrerit.a.arcu@lacus.ca','2020-08-07 00:00:00',NULL),(44,'Kelly',NULL,'553703438216',NULL,'nibh','CID14YBX3TA','Morbi.accumsan@semper.edu','2020-06-22 00:00:00',NULL),(45,'Caryn',NULL,'316809113545',NULL,'neque','PCA01EXB2MB','mauris@commodoipsumSuspendisse.co.uk','2020-02-24 00:00:00',NULL),(46,'Merrill','Miranda','961584435590','1988-07-19','nec','LVJ67UUM1YF','arcu.Vestibulum@pedeacurna.org','2020-03-22 00:00:00',1),(47,'Maia',NULL,'236999840375',NULL,'Nam','PXJ30CWC5MJ','dui@euismod.org','2020-03-23 00:00:00',NULL),(48,'Carolyn','Hutchinson','126661276915','1957-08-23','Morbi','MSD26WWN3OE','fermentum.fermentum.arcu@vehicula.com','2020-08-31 00:00:00',2),(49,'Gretchen',NULL,'961143821420',NULL,'molestie87','ZBX86XYL5YD','sit.amet.orci@velit.co.uk','2020-11-13 00:00:00',NULL),(50,'Randall','Ferguson','911635708596','1963-11-27','molestie','RNQ74OUB5KY','eleifend.non.dapibus@Aliquamtinciduntnunc.ca','2020-02-05 00:00:00',1),(51,'Carol','King','307056457745','1944-06-08','Mauris14','DOH75SXO6IV','in.tempus.eu@eleifendnon.co.uk','2020-02-13 00:00:00',1),(52,'Gannon','Wallace','224516924829','1968-08-31','mauris56','CRA54FMH9MD','fringilla@lobortisquam.co.uk','2020-06-09 00:00:00',1),(53,'Shellie','Perry','260208013553','1958-09-14','mauris','SSK81UCF3LU','non.lacinia.at@Nullafacilisi.co.uk','2020-08-21 00:00:00',1),(54,'Chaim','Coffey','479471393982','1955-05-08','massa','QZS26JNY9OM','facilisis.non@ipsum.co.uk','2020-11-16 00:00:00',1),(55,'Lareina',NULL,'409104125408',NULL,'magna','CFY18OZD9HK','urna.Nunc@magnaSedeu.org','2020-08-15 00:00:00',NULL),(56,'Kylee','Wiley','626741952363','2003-02-27','Lorem78','GKL04HTN7VM','eget.volutpat.ornare@aliquet.com','2020-03-26 00:00:00',1),(57,'Madeline','Daniel','754516357762','2002-07-12','lorem32','VMG87FQZ5XC','ligula.elit.pretium@risusNuncac.edu','2020-01-06 00:00:00',1),(58,'Iona','Flynn','784998070081','1989-02-23','lorem','DKD28UGY3QW','ipsum.Curabitur.consequat@cursusa.org','2020-01-28 00:00:00',1),(59,'Kitra',NULL,'222144566456',NULL,'lectus18','BOA61ZQS6HM','luctus.ut@Maecenasornareegestas.ca','2020-02-24 00:00:00',NULL),(60,'Kermit',NULL,'949206352647',NULL,'lectus','PIH93RVL2AO','nonummy@ipsumDonecsollicitudin.net','2020-07-07 00:00:00',NULL),(61,'Pascale','Mcfadden','791219141810','1981-06-18','ipsum','DNO12CLA9HU','tristique.pharetra@eu.com','2020-11-28 00:00:00',1),(62,'Dana','Randall','237114580171','1948-01-11','interdum','AFT19ZEG5UF','orci@netusetmalesuada.net','2020-11-01 00:00:00',1),(63,'Inga','Dale','773113439644','1990-09-18','Integer','RKA70JFC5YM','nunc@Duismienim.com','2020-05-01 00:00:00',1),(64,'Hasad','Perkins','879226613951','1999-01-25','In','FSF60SFM3BE','vitae.erat@necleo.net','2020-10-13 00:00:00',1),(65,'Jerry',NULL,'886598496421',NULL,'idhac','EXJ63HEZ4GM','consectetuer@egestas.org','2020-12-22 00:00:00',NULL),(66,'Catherine','Mckinney','771775949977','1976-11-04','fermentum','WTI62CFE0DW','eros.Proin.ultrices@Etiamligulatortor.ca','2020-11-09 00:00:00',1),(67,'Kitra',NULL,'599515589596',NULL,'facilisis45','AYH91ZBA6ZF','dolor.nonummy@blanditNam.co.uk','2020-01-09 00:00:00',NULL),(68,'Rajah','Beck','982477923697','1950-08-29','facilisis','QMY58SET0NN','risus.Morbi.metus@feugiatplaceratvelit.ca','2020-05-28 00:00:00',1),(69,'Kermit',NULL,'305781802652',NULL,'interdum14','VEF08FVG9YV','accumsan@justositamet.com','2020-03-15 00:00:00',NULL),(70,'Ursa','Barron','534894088267','2000-07-05','eu57','GGX71PAQ1VN','luctus@aliquameros.net','2020-12-05 00:00:00',2),(71,'Carly','Holmes','175601527681','1973-09-27','eu90','ILH68RJU1NB','elit@pede.ca','2020-10-22 00:00:00',1),(72,'Ferdinand','Chavez','882578893251','1950-04-15','eu','HVM07NDV9JB','nunc@sedsemegestas.net','2020-01-05 00:00:00',1),(73,'Melodie','Suarez','315847398257','1981-12-25','Etiam93','FUE02LJQ9NY','Suspendisse@purusaccumsan.edu','2020-11-09 00:00:00',1),(74,'Farrah','Pena','433138931583','1985-09-27','Etiam','PUW48QZP4DR','cursus.purus@NullafacilisiSed.edu','2020-11-27 00:00:00',1),(75,'Amos','Casey','796351368741','1989-01-05','egestas13','EPW80ZTV0ZR','sem@Morbi.com','2020-08-04 00:00:00',1),(76,'Brianna',NULL,'617126203525',NULL,'et','LWS27VGS1TY','vulputate.posuere.vulputate@utsem.com','2020-11-18 00:00:00',NULL),(77,'Jin',NULL,'888071630694',NULL,'est67','UUU89HAT5UV','ut.molestie.in@Sed.org','2020-11-03 00:00:00',NULL),(78,'Pascale','Lawson','513393534766','1958-07-14','est','DWQ64ANP5MH','cursus@massa.com','2020-08-09 00:00:00',1),(79,'Chase','Kelly','544634806988','1983-05-17','eros','FPX96POS6UH','sapien.imperdiet@arcuNunc.co.uk','2020-07-28 00:00:00',1),(80,'Halee',NULL,'198653025526',NULL,'enim98','ICL42IPO7WY','nulla.magna.malesuada@Maecenas.edu','2020-10-29 00:00:00',NULL),(81,'Portia',NULL,'503573757687',NULL,'enim','PMT67PIW1RT','volutpat.Nulla.dignissim@nisiCum.edu','2020-08-26 00:00:00',NULL),(82,'Tate','Hayden','645789806791','1970-04-06','elit','EGA30QEX4ZE','amet.lorem@Aenean.net','2020-02-28 00:00:00',1),(83,'Marah',NULL,'619323868325',NULL,'eget','FMC42QLQ8JO','vel.est@elitEtiamlaoreet.co.uk','2020-08-07 00:00:00',NULL),(84,'Isabelle','Summers','498022387306','1962-10-15','egestas','KAW29KFY2TN','quam@euplacerateget.edu','2020-11-22 00:00:00',1),(85,'Martina','Ray','391566353999','1986-05-11','Duis','DHC12RFG9CJ','sodales.nisi@temporlorem.co.uk','2020-03-14 00:00:00',1),(86,'Paki','Compton','236659627559','1955-10-07','Donec','DHI61SXE3BI','Mauris.ut.quam@laoreet.ca','2020-08-07 00:00:00',1),(87,'Illiana','Noel','348648150402','1971-06-28','convallis','FXY18MME2RA','consequat@consectetuer.net','2020-12-20 00:00:00',1),(88,'Cheyenne','Salazar','542859486408','1968-01-31','consectetuer','JZF72ITO0VE','eleifend@ligulaeuenim.edu','2020-06-28 00:00:00',2),(89,'Kevin',NULL,'739684248809',NULL,'blandit','FBC69NQR7EL','sem.Pellentesque@augue.com','2020-03-21 00:00:00',NULL),(90,'Jonas','Ellis','323177677740','1949-10-23','bibendum','QIX73KJY0SP','Aliquam.erat.volutpat@faucibus.ca','2020-05-02 00:00:00',1),(91,'Rinah','Walters','563168738972','2004-10-18','at','DJN63YJD2EE','tellus.Suspendisse@auctorquistristique.ca','2020-05-30 00:00:00',1),(92,'Evelyn','Arnold','280314259268','1980-07-12','amet','GVI07WZN9RX','volutpat@lacusvarius.co.uk','2020-11-16 00:00:00',1),(93,'Lucas','Cash','156411238229','1987-10-19','Aliquam34','PAK15QKY9HJ','ac.orci.Ut@egestasAliquamnec.org','2020-11-20 00:00:00',1),(94,'Colleen','Santana','291217755240','1942-06-10','Aliquam67','MWC46CZN5CJ','lobortis@penatibuset.com','2020-02-11 00:00:00',2),(95,'Amity',NULL,'873481493124',NULL,'Aliquam39','BXK20RRP9JM','eu.arcu@nec.co.uk','2020-01-20 00:00:00',NULL),(96,'Tarik','Harrington','680012118132','1959-07-22','aliquam','LYL31WUK2XP','dictum@suscipitestac.ca','2020-12-05 00:00:00',1),(97,'Mercedes','Hayes','486884979982','1982-09-15','Aenean','QXV59BVP1MG','vitae@nibhDonecest.org','2020-01-24 00:00:00',1),(98,'Medge','Good','662582603825','1996-03-15','accumsan32','JBY41XEK6AK','scelerisque.mollis.Phasellus@risus.org','2020-03-18 00:00:00',2),(99,'Roanna','Mann','965038067559','1944-10-24','accumsan','EVF65VFW9NB','ullamcorper.eu@utnulla.edu','2020-12-14 00:00:00',1),(100,'Gregory',NULL,'596611533494',NULL,'blandit95','HYU10OMI0DB','Duis.mi@semvitaealiquam.edu','2020-11-19 00:00:00',NULL);

-- deliveryaddresses table
INSERT INTO deliveryaddresses 
			(id, CityDistrict, Address)
VALUES 		(1,'Fest','P.O. Box 737, 8770 Id Rd.'),(2,'RW','Ap #209-7140 Mi Rd.'),(3,'Fest','P.O. Box 922, 425 Est. St.'),(4,'Central','Ap #279-7994 Pede. St.'),(5,'RW','P.O. Box 809, 948 Quisque St.'),(6,'Central','8257 Vitae Rd.'),(7,'RW','P.O. Box 279, 1982 Congue St.'),(8,'Volotova','Ap #819-7599 Dolor, Road'),(9,'RW','P.O. Box 530, 4870 Suspendisse Street'),(10,'Volotova','8879 Donec St.'),(11,'RW','584-3832 In Av.'),(12,'Central','454-5164 Nulla. Ave'),(13,'Fest','2064 Maecenas Rd.'),(14,'Fest','P.O. Box 739, 2254 Lacus St.'),(15,'Central','P.O. Box 651, 8956 Morbi Ave'),(16,'Fest','852-8223 Duis Ave'),(17,'Fest','P.O. Box 523, 2573 Vehicula Ave'),(18,'Volotova','7474 Ac, Street'),(19,'RW','392-1873 Eleifend, Avenue'),(20,'Volotova','489-4578 Ante St.'),(21,'Volotova','1741 Tempus Rd.'),(22,'Central','Ap #575-6032 Lorem Av.'),(23,'Central','P.O. Box 416, 7656 Fusce Rd.'),(24,'Fest','P.O. Box 334, 5621 Faucibus Street'),(25,'Volotova','8327 Sapien, Road'),(26,'Central','Ap #580-1187 Aliquet Street'),(27,'Fest','P.O. Box 547, 767 Ligula St.'),(28,'Volotova','5011 Scelerisque Rd.'),(29,'RW','344-1943 Consectetuer Rd.'),(30,'Volotova','Ap #537-2326 Non, St.'),(31,'Volotova','704-4251 Nam Av.'),(32,'Fest','Ap #903-5008 Proin Rd.'),(33,'Central','8653 Sem Av.'),(34,'RW','Ap #913-4892 Risus. Road'),(35,'Volotova','3568 Sit St.'),(36,'Fest','Ap #527-1635 Rutrum Rd.'),(37,'Volotova','9710 Feugiat Rd.'),(38,'Fest','Ap #247-821 Inceptos Road'),(39,'Volotova','3009 Aliquam Road'),(40,'Volotova','P.O. Box 885, 448 Ipsum Ave'),(41,'RW','P.O. Box 132, 7802 Morbi St.'),(42,'Volotova','3907 Ipsum. Ave'),(43,'RW','P.O. Box 439, 5389 At, St.'),(44,'Volotova','9974 Magna Rd.'),(45,'Central','Ap #331-1020 Augue, Rd.'),(46,'Volotova','P.O. Box 105, 7093 Neque St.'),(47,'Volotova','301-656 Adipiscing Rd.'),(48,'Central','Ap #896-4215 Semper St.'),(49,'Volotova','1151 Luctus St.'),(50,'Fest','Ap #332-8888 Tincidunt, Street'),(51,'RW','4740 Accumsan Av.'),(52,'Central','181-2128 Nec Av.'),(53,'Volotova','208-4028 Augue Av.'),(54,'Fest','9984 Mauris Street'),(55,'Central','510-5292 Purus Rd.'),(56,'RW','P.O. Box 876, 4804 Ullamcorper. Avenue'),(57,'RW','P.O. Box 141, 2991 Urna Street'),(58,'Fest','697-5855 Integer Road'),(59,'Volotova','P.O. Box 737, 3395 Duis Rd.'),(60,'Volotova','P.O. Box 405, 212 Et St.'),(61,'Fest','4911 Convallis, Road'),(62,'Fest','3083 Nulla Av.'),(63,'Volotova','174-6870 Donec Road'),(64,'Volotova','Ap #642-9336 Nullam Rd.'),(65,'Fest','9739 Scelerisque Ave'),(66,'Volotova','7575 Integer Avenue'),(67,'Fest','4831 Tristique Road'),(68,'Volotova','Ap #976-3006 Eleifend St.'),(69,'Central','Ap #653-9890 Aliquet Rd.'),(70,'Central','P.O. Box 366, 4188 Phasellus Av.'),(71,'Volotova','Ap #586-1315 Odio Avenue'),(72,'Volotova','Ap #314-5581 Ac St.'),(73,'RW','103 Quisque Road'),(74,'RW','506-5772 Semper, Rd.'),(75,'Volotova','P.O. Box 676, 7017 Mauris Rd.'),(76,'RW','P.O. Box 222, 5849 Risus. Road'),(77,'Fest','P.O. Box 567, 2082 Eu Rd.'),(78,'Central','P.O. Box 149, 5018 Libero. Avenue'),(79,'RW','6917 Enim, Avenue'),(80,'Fest','P.O. Box 482, 6966 In Avenue'),(81,'RW','Ap #417-6680 Nec, Av.'),(82,'Central','P.O. Box 630, 1647 Nec, Av.'),(83,'Central','Ap #992-9278 Primis St.'),(84,'Fest','Ap #471-436 Fusce Street'),(85,'Central','Ap #254-2367 Donec Av.'),(86,'Central','Ap #635-143 Duis Rd.'),(87,'Fest','P.O. Box 106, 2363 Sed Avenue'),(88,'Central','P.O. Box 690, 1765 Ipsum Avenue'),(89,'RW','123-1875 Varius Av.'),(90,'Volotova','P.O. Box 726, 2920 In, St.'),(91,'Fest','4518 Ante Av.'),(92,'Volotova','P.O. Box 662, 154 Dolor, Ave'),(93,'Central','Ap #358-2635 Dapibus Av.'),(94,'Fest','P.O. Box 709, 8797 Lectus St.'),(95,'RW','P.O. Box 835, 1123 Tincidunt, St.'),(96,'RW','872-7488 Est. Road'),(97,'Volotova','3615 Nulla Ave'),(98,'Central','Ap #308-983 Parturient Rd.'),(99,'Volotova','Ap #461-8522 Ut, St.'),(100,'RW','5550 Eget Rd.');

-- deliverysessions table
INSERT INTO deliverysessions 
			(id, Restaurant, CouriersShift, StartTime, EndTime, TotalDistance)
VALUES 		(1,1,119,'2020-04-30 08:30:00','2020-04-30 09:45:00',10),(2,1,201,'2020-05-28 06:40:00','2020-05-28 08:20:00',25),(3,1,206,'2020-11-28 08:40:00','2020-11-28 10:20:00',11),(4,1,84,'2020-06-13 22:30:00','2020-06-13 23:30:00',14),(5,1,83,'2020-11-18 08:50:00','2020-11-18 09:35:00',14),(6,1,193,'2020-09-18 17:30:00','2020-09-18 18:45:00',19),(7,1,214,'2020-11-28 01:20:00','2020-11-28 02:40:00',22),(8,2,278,'2020-03-07 12:50:00','2020-03-07 13:45:00',22),(9,1,245,'2020-06-28 01:10:00','2020-06-28 02:45:00',6),(10,1,53,'2020-05-11 09:30:00','2020-05-11 10:40:00',2),(11,2,208,'2020-08-22 11:50:00','2020-08-22 13:30:00',11),(12,1,98,'2020-01-01 22:50:00','2020-01-01 23:35:00',16),(13,1,226,'2020-07-14 13:40:00','2020-07-14 14:55:00',25),(14,1,282,'2020-06-12 11:30:00','2020-06-12 13:20:00',21),(15,2,32,'2020-03-10 04:40:00','2020-03-10 05:35:00',17),(16,2,101,'2020-07-30 12:00:00','2020-07-30 13:30:00',6),(17,1,128,'2020-04-25 09:40:00','2020-04-25 10:45:00',24),(18,1,231,'2020-04-08 01:00:00','2020-04-08 02:55:00',21),(19,2,200,'2020-07-25 18:30:00','2020-07-25 19:10:00',24),(20,1,238,'2020-11-23 01:10:00','2020-11-23 03:05:00',9),(21,1,66,'2020-08-13 00:10:00','2020-08-13 01:20:00',14),(22,1,221,'2020-06-27 06:40:00','2020-06-27 07:50:00',15),(23,2,180,'2020-09-29 11:20:00','2020-09-29 12:40:00',23),(24,1,184,'2020-12-02 02:40:00','2020-12-02 03:40:00',17),(25,1,4,'2020-10-29 12:20:00','2020-10-29 13:05:00',12),(26,1,67,'2020-06-14 18:30:00','2020-06-14 18:55:00',7),(27,1,258,'2020-08-05 02:20:00','2020-08-05 02:45:00',7),(28,1,276,'2020-05-19 16:00:00','2020-05-19 17:55:00',26),(29,1,180,'2020-09-29 10:20:00','2020-09-29 11:25:00',26),(30,1,238,'2020-11-23 06:30:00','2020-11-23 07:35:00',16),(31,2,195,'2020-01-24 20:40:00','2020-01-24 22:25:00',14),(32,1,292,'2020-09-27 09:30:00','2020-09-27 10:05:00',14),(33,1,74,'2020-11-21 19:50:00','2020-11-21 20:10:00',19),(34,1,287,'2020-05-16 11:50:00','2020-05-16 13:35:00',26),(35,1,179,'2020-11-03 19:50:00','2020-11-03 21:15:00',19),(36,1,68,'2020-11-18 10:40:00','2020-11-18 11:05:00',18),(37,1,139,'2020-04-12 00:10:00','2020-04-12 01:20:00',24),(38,2,79,'2020-05-22 17:20:00','2020-05-22 18:40:00',6),(39,1,280,'2020-12-13 02:00:00','2020-12-13 03:40:00',26),(40,1,121,'2020-05-18 03:30:00','2020-05-18 04:10:00',17),(41,1,166,'2020-08-14 20:40:00','2020-08-14 21:25:00',7),(42,2,262,'2020-03-20 05:20:00','2020-03-20 07:10:00',16),(43,2,262,'2020-03-20 00:10:00','2020-03-20 01:25:00',4),(44,1,299,'2020-04-13 09:00:00','2020-04-13 10:45:00',13),(45,1,283,'2020-06-25 02:50:00','2020-06-25 03:30:00',5),(46,1,192,'2020-02-21 16:00:00','2020-02-21 16:20:00',8),(47,1,131,'2020-02-23 22:00:00','2020-02-23 23:05:00',21),(48,1,260,'2020-12-04 12:30:00','2020-12-04 13:20:00',2),(49,2,64,'2020-03-13 22:40:00','2020-03-13 23:20:00',9),(50,1,194,'2020-12-08 02:30:00','2020-12-08 04:25:00',22),(51,1,188,'2020-06-27 08:50:00','2020-06-27 09:35:00',15),(52,2,193,'2020-09-19 01:50:00','2020-09-19 03:45:00',26),(53,2,172,'2020-06-07 14:30:00','2020-06-07 15:00:00',21),(54,1,135,'2020-07-18 08:40:00','2020-07-18 10:20:00',25),(55,1,214,'2020-11-28 03:10:00','2020-11-28 04:25:00',19),(56,1,29,'2020-06-04 19:00:00','2020-06-04 20:55:00',3),(57,1,160,'2020-01-01 08:40:00','2020-01-01 09:20:00',10),(58,1,252,'2020-04-25 19:50:00','2020-04-25 21:35:00',20),(59,1,1,'2020-03-08 10:10:00','2020-03-08 10:55:00',20),(60,2,223,'2020-02-11 19:20:00','2020-02-11 21:15:00',4),(61,1,265,'2020-01-29 02:20:00','2020-01-29 03:50:00',12),(62,1,261,'2020-07-22 11:10:00','2020-07-22 13:00:00',12),(63,2,282,'2020-06-12 10:00:00','2020-06-12 11:40:00',6),(64,1,50,'2020-08-25 07:10:00','2020-08-25 08:15:00',24),(65,2,241,'2020-11-26 02:00:00','2020-11-26 02:30:00',24),(66,1,140,'2020-10-15 05:10:00','2020-10-15 05:35:00',25),(67,2,172,'2020-06-07 09:10:00','2020-06-07 09:50:00',22),(68,2,172,'2020-06-07 08:30:00','2020-06-07 10:05:00',13),(69,1,32,'2020-03-10 07:40:00','2020-03-10 08:45:00',11),(70,1,57,'2020-01-06 16:40:00','2020-01-06 18:10:00',8),(71,1,105,'2020-05-31 17:50:00','2020-05-31 19:15:00',10),(72,1,162,'2020-08-21 16:40:00','2020-08-21 17:50:00',2),(73,1,233,'2020-08-08 00:40:00','2020-08-08 02:35:00',7),(74,1,68,'2020-11-18 11:40:00','2020-11-18 12:55:00',13),(75,1,183,'2020-02-29 08:10:00','2020-02-29 09:25:00',12),(76,1,40,'2020-03-15 17:40:00','2020-03-15 19:40:00',21),(77,1,62,'2020-07-28 13:30:00','2020-07-28 14:45:00',3),(78,1,72,'2020-11-13 10:20:00','2020-11-13 10:45:00',26),(79,1,121,'2020-05-18 02:10:00','2020-05-18 02:30:00',18),(80,1,17,'2020-08-28 04:10:00','2020-08-28 05:55:00',17),(81,2,114,'2020-12-04 06:20:00','2020-12-04 06:50:00',7),(82,1,18,'2020-05-08 14:20:00','2020-05-08 14:40:00',17),(83,1,182,'2020-04-08 19:10:00','2020-04-08 19:30:00',5),(84,2,3,'2020-07-05 13:50:00','2020-07-05 15:45:00',24),(85,1,115,'2020-08-30 02:20:00','2020-08-30 03:00:00',14),(86,1,138,'2020-05-05 01:40:00','2020-05-05 03:40:00',13),(87,1,137,'2020-04-05 16:20:00','2020-04-05 17:55:00',15),(88,2,243,'2020-11-29 13:00:00','2020-11-29 13:30:00',6),(89,1,241,'2020-11-26 00:20:00','2020-11-26 01:15:00',13),(90,1,250,'2020-05-08 01:40:00','2020-05-08 03:20:00',21),(91,2,228,'2020-04-06 17:20:00','2020-04-06 18:05:00',16),(92,1,23,'2020-07-12 04:00:00','2020-07-12 05:55:00',21),(93,2,221,'2020-06-27 09:30:00','2020-06-27 11:05:00',3),(94,2,267,'2020-07-12 11:10:00','2020-07-12 11:55:00',15),(95,1,187,'2020-02-17 00:50:00','2020-02-17 02:15:00',21),(96,1,111,'2020-09-21 21:10:00','2020-09-21 22:55:00',17),(97,1,138,'2020-05-05 05:00:00','2020-05-05 05:55:00',18),(98,2,235,'2020-07-31 03:50:00','2020-07-31 05:40:00',15),(99,1,148,'2020-10-29 16:20:00','2020-10-29 17:10:00',18),(100,1,24,'2020-09-05 20:30:00','2020-09-05 21:35:00',16),(101,1,288,'2020-12-15 20:50:00','2020-12-15 21:10:00',2),(102,1,181,'2020-05-07 20:20:00','2020-05-07 21:25:00',6),(103,1,265,'2020-01-29 04:50:00','2020-01-29 05:45:00',23),(104,2,60,'2020-12-18 08:40:00','2020-12-18 10:35:00',12),(105,1,13,'2020-12-09 08:10:00','2020-12-09 09:55:00',5),(106,1,80,'2020-01-26 19:50:00','2020-01-26 21:40:00',6),(107,1,125,'2020-08-25 13:20:00','2020-08-25 14:05:00',17),(108,1,184,'2020-12-02 02:40:00','2020-12-02 04:15:00',15),(109,1,19,'2020-08-21 04:50:00','2020-08-21 05:15:00',9),(110,1,245,'2020-06-27 16:50:00','2020-06-27 18:15:00',6),(111,1,170,'2020-07-01 17:10:00','2020-07-01 17:50:00',11),(112,2,159,'2020-07-24 01:50:00','2020-07-24 03:25:00',5),(113,1,272,'2020-11-07 09:50:00','2020-11-07 11:25:00',6),(114,2,275,'2020-05-24 02:10:00','2020-05-24 03:05:00',6),(115,2,68,'2020-11-18 09:30:00','2020-11-18 09:50:00',16),(116,2,71,'2020-05-13 09:10:00','2020-05-13 10:30:00',11),(117,1,207,'2020-03-09 20:50:00','2020-03-09 21:50:00',14),(118,1,253,'2020-10-22 03:00:00','2020-10-22 04:35:00',21),(119,1,204,'2020-04-29 18:10:00','2020-04-29 18:40:00',22),(120,2,2,'2020-04-06 17:30:00','2020-04-06 17:50:00',17),(121,1,221,'2020-06-27 06:10:00','2020-06-27 08:05:00',6),(122,1,238,'2020-11-23 06:20:00','2020-11-23 07:20:00',11),(123,1,300,'2020-04-12 08:40:00','2020-04-12 10:30:00',24),(124,1,26,'2020-03-18 19:50:00','2020-03-18 21:20:00',10),(125,2,18,'2020-05-08 12:40:00','2020-05-08 13:05:00',10),(126,1,291,'2020-08-08 05:00:00','2020-08-08 05:25:00',21),(127,1,82,'2020-05-24 11:00:00','2020-05-24 12:50:00',17),(128,1,10,'2020-09-09 08:50:00','2020-09-09 10:20:00',7),(129,1,146,'2020-02-05 17:20:00','2020-02-05 18:40:00',16),(130,2,108,'2020-07-22 02:40:00','2020-07-22 03:20:00',8),(131,2,70,'2020-10-16 17:40:00','2020-10-16 19:00:00',20),(132,1,129,'2020-05-04 12:50:00','2020-05-04 13:15:00',21),(133,1,161,'2020-06-01 00:10:00','2020-06-01 02:00:00',11),(134,1,193,'2020-09-18 19:00:00','2020-09-18 19:40:00',26),(135,1,285,'2020-06-29 19:30:00','2020-06-29 20:35:00',18),(136,1,72,'2020-11-13 13:20:00','2020-11-13 14:35:00',27),(137,1,176,'2020-05-30 07:30:00','2020-05-30 09:00:00',4),(138,2,32,'2020-03-10 07:10:00','2020-03-10 07:50:00',24),(139,1,7,'2020-04-29 13:20:00','2020-04-29 13:50:00',11),(140,1,285,'2020-06-30 00:50:00','2020-06-30 01:50:00',6),(141,1,271,'2020-09-11 19:10:00','2020-09-11 19:35:00',12),(142,1,4,'2020-10-29 11:50:00','2020-10-29 13:45:00',5),(143,1,288,'2020-12-15 18:50:00','2020-12-15 20:30:00',22),(144,1,122,'2020-12-13 12:50:00','2020-12-13 13:30:00',25),(145,1,220,'2020-07-05 17:10:00','2020-07-05 19:05:00',20),(146,1,158,'2020-06-08 22:20:00','2020-06-08 23:20:00',27),(147,2,230,'2020-02-04 02:30:00','2020-02-04 03:45:00',5),(148,1,169,'2020-12-11 19:50:00','2020-12-11 20:50:00',9),(149,1,75,'2020-08-28 09:20:00','2020-08-28 11:05:00',22),(150,1,279,'2020-04-09 13:20:00','2020-04-09 15:15:00',2),(151,1,10,'2020-09-09 15:40:00','2020-09-09 16:10:00',14),(152,1,280,'2020-12-13 02:00:00','2020-12-13 02:45:00',9),(153,1,277,'2020-11-28 17:20:00','2020-11-28 17:50:00',16),(154,2,105,'2020-05-31 16:10:00','2020-05-31 16:30:00',18),(155,1,283,'2020-06-25 01:00:00','2020-06-25 02:35:00',24),(156,1,24,'2020-09-05 16:10:00','2020-09-05 17:55:00',13),(157,1,52,'2020-01-25 13:30:00','2020-01-25 15:30:00',16),(158,1,53,'2020-05-11 08:30:00','2020-05-11 09:25:00',26),(159,1,29,'2020-06-04 17:40:00','2020-06-04 19:05:00',19),(160,1,9,'2020-05-18 14:40:00','2020-05-18 15:25:00',17),(161,1,135,'2020-07-18 12:40:00','2020-07-18 13:15:00',20),(162,1,246,'2020-11-02 04:50:00','2020-11-02 06:50:00',11),(163,2,200,'2020-07-25 18:50:00','2020-07-25 19:10:00',8),(164,1,80,'2020-01-26 18:00:00','2020-01-26 19:40:00',23),(165,1,276,'2020-05-19 20:20:00','2020-05-19 21:25:00',14),(166,2,206,'2020-11-28 16:10:00','2020-11-28 17:10:00',4),(167,2,33,'2020-01-10 03:10:00','2020-01-10 04:20:00',4),(168,1,48,'2020-05-11 12:20:00','2020-05-11 13:55:00',3),(169,2,300,'2020-04-12 10:30:00','2020-04-12 12:15:00',20),(170,2,70,'2020-10-16 15:40:00','2020-10-16 16:55:00',26),(171,1,248,'2020-06-13 04:20:00','2020-06-13 04:55:00',13),(172,1,232,'2020-10-03 00:20:00','2020-10-03 02:15:00',6),(173,1,31,'2020-04-10 16:10:00','2020-04-10 17:15:00',27),(174,1,4,'2020-10-29 10:00:00','2020-10-29 11:15:00',26),(175,1,252,'2020-04-25 21:50:00','2020-04-25 22:25:00',9),(176,1,59,'2020-09-08 18:40:00','2020-09-08 20:30:00',3),(177,1,160,'2020-01-01 14:30:00','2020-01-01 15:00:00',9),(178,2,260,'2020-12-04 09:00:00','2020-12-04 09:30:00',14),(179,2,12,'2020-07-30 18:50:00','2020-07-30 19:30:00',25),(180,1,189,'2020-01-21 06:20:00','2020-01-21 08:20:00',25),(181,1,188,'2020-06-27 09:10:00','2020-06-27 10:20:00',24),(182,1,191,'2020-01-14 09:50:00','2020-01-14 10:50:00',11),(183,1,10,'2020-09-09 13:00:00','2020-09-09 14:50:00',22),(184,1,188,'2020-06-27 08:40:00','2020-06-27 09:50:00',14),(185,1,21,'2020-09-05 00:00:00','2020-09-05 00:25:00',13),(186,2,54,'2020-11-03 10:00:00','2020-11-03 11:15:00',14),(187,1,65,'2020-07-13 01:00:00','2020-07-13 02:05:00',8),(188,1,114,'2020-12-04 00:00:00','2020-12-04 01:55:00',18),(189,1,76,'2020-04-03 00:10:00','2020-04-03 02:10:00',24),(190,1,136,'2020-11-05 10:00:00','2020-11-05 10:55:00',25),(191,1,52,'2020-01-25 10:40:00','2020-01-25 11:20:00',11),(192,1,225,'2020-11-28 11:50:00','2020-11-28 13:30:00',12),(193,1,58,'2020-08-26 02:40:00','2020-08-26 03:15:00',26),(194,1,222,'2020-06-17 13:20:00','2020-06-17 14:05:00',19),(195,1,100,'2020-05-21 05:20:00','2020-05-21 05:45:00',12),(196,1,67,'2020-06-14 16:40:00','2020-06-14 18:30:00',23),(197,1,114,'2020-12-04 04:50:00','2020-12-04 05:50:00',7),(198,1,88,'2020-07-14 19:40:00','2020-07-14 21:40:00',14),(199,1,37,'2020-06-20 22:30:00','2020-06-21 00:15:00',12),(200,1,262,'2020-03-20 03:30:00','2020-03-20 05:30:00',5),(201,1,46,'2020-02-28 20:50:00','2020-02-28 21:45:00',5),(202,2,44,'2020-08-29 16:00:00','2020-08-29 17:35:00',16),(203,2,173,'2020-01-23 20:20:00','2020-01-23 20:55:00',3),(204,1,136,'2020-11-05 10:20:00','2020-11-05 11:35:00',6),(205,1,40,'2020-03-15 18:00:00','2020-03-15 18:20:00',5),(206,1,234,'2020-06-05 01:30:00','2020-06-05 02:55:00',25),(207,1,192,'2020-02-21 16:10:00','2020-02-21 17:45:00',8),(208,1,113,'2020-02-16 11:50:00','2020-02-16 12:20:00',15),(209,1,185,'2020-02-18 22:30:00','2020-02-19 00:00:00',19),(210,1,120,'2020-12-22 10:10:00','2020-12-22 10:50:00',16),(211,1,130,'2020-02-11 02:00:00','2020-02-11 03:40:00',2),(212,1,258,'2020-08-05 02:10:00','2020-08-05 03:50:00',21),(213,1,173,'2020-01-23 19:50:00','2020-01-23 21:10:00',23),(214,1,273,'2020-08-15 04:40:00','2020-08-15 06:00:00',9),(215,1,215,'2020-08-18 16:50:00','2020-08-18 18:10:00',9),(216,1,254,'2020-02-06 08:10:00','2020-02-06 09:25:00',9),(217,1,276,'2020-05-19 19:00:00','2020-05-19 19:30:00',27),(218,2,117,'2020-08-02 17:00:00','2020-08-02 17:45:00',17),(219,1,276,'2020-05-19 18:20:00','2020-05-19 20:05:00',18),(220,1,10,'2020-09-09 11:30:00','2020-09-09 12:15:00',19),(221,2,167,'2020-01-09 06:40:00','2020-01-09 07:05:00',9),(222,1,288,'2020-12-15 22:10:00','2020-12-15 23:20:00',11),(223,2,44,'2020-08-29 17:50:00','2020-08-29 19:05:00',16),(224,1,143,'2020-07-16 09:00:00','2020-07-16 09:35:00',4),(225,1,171,'2020-01-14 04:20:00','2020-01-14 04:40:00',26),(226,1,137,'2020-04-05 19:10:00','2020-04-05 20:15:00',11),(227,2,276,'2020-05-19 18:50:00','2020-05-19 20:40:00',18),(228,1,155,'2020-12-15 11:00:00','2020-12-15 12:15:00',20),(229,1,160,'2020-01-01 08:20:00','2020-01-01 09:10:00',18),(230,1,11,'2020-03-07 04:10:00','2020-03-07 05:00:00',16),(231,1,232,'2020-10-03 00:20:00','2020-10-03 02:20:00',6),(232,1,221,'2020-06-27 07:00:00','2020-06-27 08:10:00',16),(233,1,254,'2020-02-06 07:10:00','2020-02-06 07:30:00',6),(234,1,215,'2020-08-18 14:50:00','2020-08-18 16:15:00',9),(235,1,141,'2020-03-16 18:10:00','2020-03-16 18:55:00',2),(236,1,222,'2020-06-17 13:50:00','2020-06-17 14:35:00',11),(237,1,155,'2020-12-15 09:50:00','2020-12-15 11:20:00',27),(238,1,227,'2020-04-26 16:20:00','2020-04-26 16:40:00',9),(239,1,113,'2020-02-16 18:10:00','2020-02-16 19:10:00',20),(240,1,223,'2020-02-11 19:40:00','2020-02-11 20:25:00',13),(241,1,295,'2020-03-07 21:30:00','2020-03-07 22:05:00',10),(242,1,86,'2020-03-01 02:50:00','2020-03-01 04:20:00',4),(243,1,291,'2020-08-08 10:40:00','2020-08-08 11:15:00',14),(244,1,292,'2020-09-27 09:40:00','2020-09-27 10:05:00',22),(245,2,286,'2020-09-02 21:50:00','2020-09-02 22:55:00',18),(246,2,257,'2020-05-04 08:00:00','2020-05-04 09:25:00',11),(247,1,49,'2020-10-17 04:20:00','2020-10-17 04:45:00',18),(248,1,131,'2020-02-23 16:00:00','2020-02-23 17:05:00',5),(249,1,116,'2020-07-17 12:00:00','2020-07-17 12:35:00',24),(250,1,109,'2020-08-02 03:50:00','2020-08-02 04:30:00',10),(251,1,50,'2020-08-25 03:10:00','2020-08-25 03:55:00',6),(252,1,68,'2020-11-18 09:30:00','2020-11-18 10:10:00',11),(253,1,118,'2020-06-07 10:20:00','2020-06-07 11:40:00',7),(254,1,276,'2020-05-19 18:50:00','2020-05-19 20:50:00',23),(255,2,92,'2020-02-20 18:30:00','2020-02-20 18:55:00',4),(256,1,198,'2020-08-06 00:50:00','2020-08-06 01:35:00',22),(257,1,216,'2020-06-06 09:20:00','2020-06-06 10:55:00',14),(258,2,12,'2020-07-30 22:50:00','2020-07-30 23:50:00',12),(259,1,294,'2020-01-22 18:10:00','2020-01-22 18:30:00',23),(260,1,179,'2020-11-03 20:20:00','2020-11-03 21:15:00',7),(261,1,192,'2020-02-21 14:50:00','2020-02-21 16:20:00',4),(262,1,247,'2020-03-24 13:30:00','2020-03-24 15:25:00',25),(263,2,63,'2020-07-03 19:20:00','2020-07-03 19:50:00',11),(264,1,289,'2020-08-03 22:10:00','2020-08-03 23:05:00',13),(265,2,51,'2020-06-21 17:20:00','2020-06-21 18:20:00',18),(266,2,180,'2020-09-29 12:20:00','2020-09-29 13:50:00',15),(267,1,295,'2020-03-07 18:10:00','2020-03-07 18:35:00',14),(268,1,255,'2020-02-29 11:00:00','2020-02-29 11:30:00',15),(269,1,8,'2020-02-25 19:20:00','2020-02-25 19:45:00',25),(270,1,137,'2020-04-05 19:00:00','2020-04-05 20:30:00',11),(271,1,194,'2020-12-08 03:50:00','2020-12-08 05:45:00',2),(272,1,188,'2020-06-27 11:00:00','2020-06-27 12:20:00',8),(273,1,217,'2020-02-13 20:40:00','2020-02-13 22:10:00',22),(274,1,200,'2020-07-25 16:50:00','2020-07-25 17:50:00',5),(275,1,147,'2020-10-08 02:50:00','2020-10-08 04:10:00',19),(276,1,49,'2020-10-17 01:10:00','2020-10-17 03:05:00',16),(277,1,249,'2020-07-25 18:00:00','2020-07-25 19:10:00',15),(278,1,152,'2020-05-20 08:10:00','2020-05-20 09:35:00',13),(279,1,168,'2020-04-05 21:50:00','2020-04-05 23:50:00',2),(280,1,262,'2020-03-20 00:30:00','2020-03-20 01:00:00',3),(281,1,114,'2020-12-04 08:30:00','2020-12-04 10:00:00',14),(282,2,89,'2020-02-22 11:30:00','2020-02-22 12:40:00',16),(283,1,182,'2020-04-08 15:10:00','2020-04-08 16:05:00',12),(284,2,279,'2020-04-09 08:00:00','2020-04-09 08:50:00',19),(285,1,172,'2020-06-07 09:40:00','2020-06-07 10:50:00',15),(286,1,258,'2020-08-05 01:10:00','2020-08-05 02:10:00',16),(287,1,110,'2020-06-06 00:00:00','2020-06-06 00:30:00',24),(288,1,279,'2020-04-09 11:30:00','2020-04-09 12:40:00',8),(289,2,13,'2020-12-09 10:50:00','2020-12-09 11:10:00',25),(290,1,126,'2020-08-06 09:40:00','2020-08-06 10:40:00',24),(291,1,187,'2020-02-16 16:40:00','2020-02-16 18:15:00',23),(292,1,143,'2020-07-16 08:20:00','2020-07-16 10:00:00',19),(293,1,180,'2020-09-29 08:40:00','2020-09-29 09:45:00',24),(294,1,61,'2020-08-14 09:40:00','2020-08-14 10:35:00',14),(295,2,141,'2020-03-16 09:30:00','2020-03-16 11:05:00',22),(296,1,233,'2020-08-08 01:50:00','2020-08-08 02:25:00',9),(297,1,235,'2020-07-31 03:10:00','2020-07-31 05:10:00',12),(298,1,265,'2020-01-29 02:00:00','2020-01-29 04:00:00',13),(299,1,183,'2020-02-29 01:20:00','2020-02-29 03:05:00',6),(300,1,178,'2020-07-14 14:10:00','2020-07-14 14:40:00',21),(301,2,178,'2020-07-14 12:10:00','2020-07-14 14:10:00',16),(302,1,20,'2020-07-19 18:20:00','2020-07-19 19:05:00',7),(303,2,95,'2020-06-04 19:10:00','2020-06-04 21:05:00',21),(304,1,287,'2020-05-16 10:00:00','2020-05-16 10:30:00',13),(305,2,124,'2020-06-02 02:10:00','2020-06-02 03:20:00',5),(306,2,100,'2020-05-21 03:30:00','2020-05-21 04:00:00',10),(307,1,186,'2020-06-28 11:00:00','2020-06-28 11:45:00',8),(308,1,73,'2020-05-12 02:50:00','2020-05-12 04:10:00',20),(309,1,170,'2020-07-01 16:20:00','2020-07-01 17:40:00',13),(310,1,293,'2020-01-20 07:20:00','2020-01-20 08:25:00',14),(311,2,179,'2020-11-03 20:40:00','2020-11-03 21:05:00',25),(312,1,153,'2020-08-17 00:30:00','2020-08-17 01:55:00',9),(313,1,203,'2020-01-05 00:00:00','2020-01-05 01:20:00',9),(314,2,242,'2020-07-04 10:40:00','2020-07-04 11:00:00',26),(315,1,268,'2020-08-31 12:00:00','2020-08-31 12:25:00',10),(316,1,266,'2020-08-17 11:40:00','2020-08-17 12:50:00',3),(317,1,83,'2020-11-18 02:50:00','2020-11-18 04:50:00',9),(318,1,8,'2020-02-26 01:50:00','2020-02-26 02:20:00',10),(319,1,90,'2020-01-27 09:40:00','2020-01-27 11:05:00',19),(320,1,1,'2020-03-08 08:30:00','2020-03-08 10:25:00',11),(321,1,138,'2020-05-05 01:50:00','2020-05-05 02:45:00',14),(322,2,228,'2020-04-06 20:00:00','2020-04-06 20:30:00',5),(323,2,8,'2020-02-25 23:20:00','2020-02-26 00:05:00',9),(324,1,170,'2020-07-01 18:30:00','2020-07-01 19:55:00',19),(325,1,183,'2020-02-29 05:20:00','2020-02-29 06:15:00',3),(326,1,282,'2020-06-12 12:10:00','2020-06-12 13:45:00',9),(327,2,136,'2020-11-05 13:30:00','2020-11-05 15:15:00',26),(328,1,240,'2020-01-13 19:20:00','2020-01-13 21:20:00',25),(329,1,280,'2020-12-13 00:00:00','2020-12-13 01:15:00',6),(330,1,110,'2020-06-06 03:10:00','2020-06-06 05:05:00',8),(331,1,241,'2020-11-26 03:50:00','2020-11-26 04:20:00',26),(332,1,19,'2020-08-21 00:50:00','2020-08-21 01:20:00',14),(333,1,125,'2020-08-25 13:20:00','2020-08-25 13:55:00',18),(334,2,217,'2020-02-13 21:50:00','2020-02-13 22:30:00',17),(335,1,42,'2020-08-26 04:50:00','2020-08-26 06:35:00',20),(336,1,117,'2020-08-02 19:00:00','2020-08-02 19:25:00',25),(337,1,136,'2020-11-05 11:50:00','2020-11-05 13:30:00',3),(338,1,36,'2020-06-09 21:10:00','2020-06-09 22:15:00',6),(339,2,255,'2020-02-29 10:20:00','2020-02-29 11:30:00',2),(340,1,50,'2020-08-25 05:30:00','2020-08-25 06:45:00',17),(341,1,9,'2020-05-18 11:00:00','2020-05-18 12:40:00',18),(342,1,161,'2020-06-01 03:20:00','2020-06-01 04:05:00',10),(343,1,38,'2020-11-08 06:10:00','2020-11-08 07:00:00',2),(344,1,104,'2020-05-22 01:10:00','2020-05-22 02:25:00',19),(345,1,290,'2020-09-09 08:20:00','2020-09-09 09:45:00',24),(346,1,133,'2020-07-19 18:10:00','2020-07-19 19:15:00',18),(347,1,7,'2020-04-29 09:20:00','2020-04-29 11:20:00',10),(348,1,156,'2020-07-29 17:00:00','2020-07-29 17:40:00',4),(349,1,245,'2020-06-28 00:00:00','2020-06-28 01:55:00',19),(350,2,56,'2020-06-18 20:30:00','2020-06-18 21:00:00',17),(351,1,248,'2020-06-13 04:40:00','2020-06-13 05:30:00',26),(352,2,31,'2020-04-10 18:00:00','2020-04-10 19:35:00',10),(353,1,223,'2020-02-11 20:50:00','2020-02-11 21:40:00',2),(354,1,11,'2020-03-07 06:50:00','2020-03-07 07:10:00',26),(355,1,166,'2020-08-14 19:00:00','2020-08-14 20:20:00',3),(356,1,172,'2020-06-07 11:30:00','2020-06-07 13:30:00',15),(357,1,136,'2020-11-05 10:00:00','2020-11-05 10:20:00',6),(358,1,18,'2020-05-08 13:40:00','2020-05-08 14:15:00',22),(359,1,147,'2020-10-08 09:20:00','2020-10-08 11:20:00',11),(360,1,298,'2020-05-06 10:50:00','2020-05-06 11:25:00',15),(361,1,242,'2020-07-04 09:50:00','2020-07-04 10:20:00',21),(362,1,200,'2020-07-25 17:00:00','2020-07-25 17:20:00',20),(363,1,168,'2020-04-05 20:40:00','2020-04-05 21:10:00',13),(364,1,51,'2020-06-21 18:50:00','2020-06-21 20:45:00',8),(365,1,113,'2020-02-16 15:40:00','2020-02-16 16:55:00',9),(366,2,111,'2020-09-21 16:00:00','2020-09-21 17:15:00',14),(367,1,148,'2020-10-29 19:30:00','2020-10-29 20:35:00',20),(368,2,207,'2020-03-09 19:40:00','2020-03-09 20:15:00',19),(369,1,182,'2020-04-08 09:30:00','2020-04-08 11:30:00',21),(370,1,203,'2020-01-05 06:00:00','2020-01-05 06:30:00',3),(371,1,161,'2020-06-01 02:40:00','2020-06-01 03:15:00',7),(372,2,241,'2020-11-26 01:00:00','2020-11-26 02:35:00',25),(373,1,4,'2020-10-29 17:20:00','2020-10-29 17:55:00',16),(374,2,130,'2020-02-11 03:40:00','2020-02-11 04:45:00',22),(375,1,25,'2020-06-12 18:30:00','2020-06-12 19:05:00',14),(376,1,243,'2020-11-29 09:00:00','2020-11-29 09:20:00',3),(377,2,67,'2020-06-14 16:50:00','2020-06-14 18:20:00',11),(378,1,186,'2020-06-28 14:50:00','2020-06-28 15:30:00',15),(379,1,21,'2020-09-05 03:50:00','2020-09-05 04:55:00',13),(380,1,15,'2020-12-04 03:40:00','2020-12-04 04:25:00',5),(381,2,76,'2020-04-03 06:10:00','2020-04-03 07:45:00',27),(382,1,280,'2020-12-13 01:00:00','2020-12-13 02:30:00',19),(383,2,158,'2020-06-08 22:20:00','2020-06-08 23:00:00',22),(384,1,254,'2020-02-06 06:30:00','2020-02-06 07:40:00',11),(385,1,213,'2020-09-22 14:40:00','2020-09-22 15:15:00',19),(386,1,53,'2020-05-11 13:20:00','2020-05-11 14:05:00',13),(387,1,148,'2020-10-29 21:20:00','2020-10-29 23:20:00',23),(388,1,250,'2020-05-08 03:30:00','2020-05-08 04:05:00',8),(389,1,163,'2020-02-09 03:10:00','2020-02-09 03:35:00',17),(390,2,164,'2020-11-10 20:30:00','2020-11-10 21:00:00',26),(391,1,177,'2020-06-26 21:10:00','2020-06-26 22:20:00',4),(392,1,97,'2020-12-03 21:10:00','2020-12-03 21:35:00',15),(393,2,286,'2020-09-02 19:40:00','2020-09-02 20:50:00',17),(394,2,278,'2020-03-07 11:30:00','2020-03-07 13:05:00',27),(395,1,231,'2020-04-08 07:50:00','2020-04-08 09:50:00',9),(396,1,135,'2020-07-18 09:30:00','2020-07-18 11:25:00',9),(397,1,42,'2020-08-26 07:20:00','2020-08-26 07:45:00',14),(398,1,39,'2020-05-05 01:10:00','2020-05-05 01:35:00',18),(399,1,158,'2020-06-08 16:10:00','2020-06-08 17:30:00',12),(400,2,169,'2020-12-11 18:00:00','2020-12-11 18:45:00',10),(401,1,170,'2020-07-01 21:50:00','2020-07-01 22:35:00',6),(402,1,33,'2020-01-10 09:30:00','2020-01-10 10:15:00',6),(403,2,258,'2020-08-05 08:10:00','2020-08-05 08:55:00',13),(404,1,246,'2020-11-02 02:00:00','2020-11-02 02:30:00',13),(405,1,34,'2020-03-17 19:00:00','2020-03-17 20:25:00',18),(406,1,80,'2020-01-26 19:30:00','2020-01-26 19:55:00',15),(407,1,28,'2020-12-09 01:50:00','2020-12-09 03:15:00',16),(408,1,1,'2020-03-08 08:40:00','2020-03-08 10:35:00',24),(409,1,294,'2020-01-22 17:30:00','2020-01-22 18:05:00',6),(410,1,88,'2020-07-14 16:20:00','2020-07-14 17:00:00',16),(411,1,52,'2020-01-25 10:30:00','2020-01-25 11:55:00',18),(412,2,66,'2020-08-13 00:50:00','2020-08-13 01:10:00',14),(413,1,121,'2020-05-18 04:30:00','2020-05-18 05:30:00',7),(414,1,233,'2020-08-08 05:40:00','2020-08-08 06:15:00',26),(415,1,23,'2020-07-12 06:50:00','2020-07-12 07:55:00',6),(416,2,68,'2020-11-18 10:10:00','2020-11-18 11:55:00',23),(417,1,193,'2020-09-18 17:10:00','2020-09-18 17:45:00',18),(418,2,76,'2020-04-03 03:20:00','2020-04-03 04:25:00',14),(419,2,20,'2020-07-19 19:00:00','2020-07-19 20:10:00',7),(420,1,270,'2020-02-04 00:30:00','2020-02-04 01:05:00',25),(421,1,276,'2020-05-19 17:40:00','2020-05-19 19:10:00',24),(422,1,163,'2020-02-09 00:30:00','2020-02-09 02:05:00',13),(423,2,235,'2020-07-31 00:10:00','2020-07-31 00:50:00',14),(424,1,154,'2020-01-30 11:30:00','2020-01-30 12:55:00',2),(425,1,129,'2020-05-04 08:50:00','2020-05-04 10:50:00',26),(426,1,226,'2020-07-14 13:30:00','2020-07-14 14:25:00',2),(427,1,50,'2020-08-25 10:50:00','2020-08-25 11:50:00',5),(428,2,74,'2020-11-22 00:40:00','2020-11-22 01:05:00',4),(429,2,236,'2020-10-09 01:20:00','2020-10-09 03:20:00',7),(430,2,240,'2020-01-13 19:50:00','2020-01-13 21:40:00',24),(431,2,137,'2020-04-05 17:00:00','2020-04-05 17:40:00',7),(432,2,128,'2020-04-25 07:10:00','2020-04-25 08:20:00',19),(433,1,95,'2020-06-04 17:50:00','2020-06-04 19:40:00',6),(434,2,124,'2020-06-02 02:30:00','2020-06-02 03:10:00',9),(435,1,229,'2020-09-18 14:20:00','2020-09-18 15:05:00',7),(436,1,123,'2020-02-19 19:40:00','2020-02-19 20:25:00',26),(437,2,119,'2020-04-30 10:40:00','2020-04-30 11:55:00',14),(438,2,104,'2020-05-22 01:40:00','2020-05-22 02:35:00',11),(439,1,119,'2020-04-30 14:30:00','2020-04-30 14:55:00',12),(440,1,174,'2020-09-05 10:40:00','2020-09-05 11:20:00',8),(441,1,139,'2020-04-12 00:40:00','2020-04-12 02:10:00',8),(442,1,214,'2020-11-28 04:10:00','2020-11-28 05:35:00',12),(443,1,231,'2020-04-08 09:30:00','2020-04-08 09:50:00',14),(444,1,251,'2020-08-19 02:50:00','2020-08-19 04:20:00',26),(445,1,278,'2020-03-07 11:10:00','2020-03-07 11:30:00',10),(446,1,113,'2020-02-16 11:50:00','2020-02-16 12:10:00',8),(447,1,191,'2020-01-14 12:30:00','2020-01-14 13:50:00',25),(448,1,106,'2020-02-01 17:30:00','2020-02-01 19:20:00',5),(449,2,248,'2020-06-13 02:50:00','2020-06-13 04:15:00',27),(450,1,8,'2020-02-25 23:30:00','2020-02-26 00:10:00',17),(451,2,183,'2020-02-29 09:00:00','2020-02-29 09:25:00',14),(452,2,268,'2020-08-31 16:50:00','2020-08-31 18:50:00',8),(453,2,159,'2020-07-24 01:00:00','2020-07-24 01:30:00',20),(454,2,51,'2020-06-21 18:10:00','2020-06-21 19:55:00',26),(455,1,195,'2020-01-24 20:50:00','2020-01-24 21:45:00',17),(456,1,42,'2020-08-26 07:10:00','2020-08-26 07:30:00',14),(457,1,94,'2020-03-28 02:40:00','2020-03-28 04:20:00',2),(458,2,45,'2020-11-15 04:10:00','2020-11-15 05:40:00',25),(459,1,132,'2020-03-13 09:10:00','2020-03-13 10:40:00',5),(460,1,135,'2020-07-18 11:00:00','2020-07-18 11:25:00',9),(461,1,146,'2020-02-05 15:10:00','2020-02-05 16:05:00',6),(462,1,198,'2020-08-06 09:50:00','2020-08-06 10:15:00',20),(463,1,264,'2020-04-13 08:20:00','2020-04-13 08:45:00',23),(464,2,243,'2020-11-29 08:20:00','2020-11-29 09:45:00',24),(465,1,25,'2020-06-12 22:00:00','2020-06-12 23:35:00',23),(466,1,35,'2020-04-27 10:30:00','2020-04-27 11:00:00',12),(467,1,22,'2020-09-03 01:20:00','2020-09-03 02:45:00',11),(468,2,293,'2020-01-20 06:20:00','2020-01-20 08:20:00',16),(469,1,170,'2020-07-01 16:10:00','2020-07-01 17:15:00',10),(470,2,268,'2020-08-31 13:00:00','2020-08-31 14:05:00',20),(471,1,36,'2020-06-10 00:10:00','2020-06-10 00:40:00',16),(472,1,33,'2020-01-10 08:10:00','2020-01-10 08:55:00',8),(473,1,19,'2020-08-21 02:30:00','2020-08-21 03:55:00',13),(474,1,97,'2020-12-03 16:40:00','2020-12-03 18:05:00',7),(475,1,164,'2020-11-10 19:50:00','2020-11-10 20:15:00',2),(476,1,7,'2020-04-29 09:20:00','2020-04-29 10:45:00',2),(477,1,181,'2020-05-07 20:50:00','2020-05-07 21:25:00',24),(478,2,43,'2020-06-19 18:30:00','2020-06-19 19:30:00',9),(479,1,271,'2020-09-11 19:50:00','2020-09-11 20:20:00',2),(480,1,84,'2020-06-13 16:10:00','2020-06-13 17:25:00',7),(481,1,198,'2020-08-06 04:40:00','2020-08-06 05:55:00',12),(482,2,203,'2020-01-05 04:20:00','2020-01-05 05:00:00',13),(483,1,122,'2020-12-13 08:40:00','2020-12-13 09:05:00',2),(484,2,248,'2020-06-13 03:30:00','2020-06-13 05:25:00',3),(485,2,199,'2020-10-28 11:40:00','2020-10-28 12:45:00',27),(486,1,168,'2020-04-05 18:00:00','2020-04-05 19:30:00',7),(487,1,146,'2020-02-05 18:00:00','2020-02-05 19:20:00',14),(488,1,52,'2020-01-25 14:10:00','2020-01-25 15:00:00',11),(489,2,171,'2020-01-14 03:00:00','2020-01-14 03:35:00',21),(490,1,292,'2020-09-27 08:20:00','2020-09-27 10:10:00',18),(491,1,28,'2020-12-09 04:20:00','2020-12-09 05:45:00',21),(492,1,144,'2020-02-22 11:20:00','2020-02-22 11:40:00',15),(493,1,145,'2020-05-18 12:20:00','2020-05-18 13:45:00',21),(494,1,210,'2020-01-26 00:20:00','2020-01-26 02:10:00',16),(495,1,218,'2020-05-19 01:20:00','2020-05-19 02:50:00',11),(496,1,162,'2020-08-21 21:50:00','2020-08-21 22:35:00',7),(497,2,234,'2020-06-05 02:10:00','2020-06-05 03:30:00',26),(498,2,290,'2020-09-09 08:00:00','2020-09-09 09:00:00',9),(499,2,65,'2020-07-13 04:20:00','2020-07-13 05:45:00',8),(500,2,213,'2020-09-22 11:40:00','2020-09-22 12:00:00',14);

-- orders table
INSERT INTO orders 
			(id, Customer, OrderedVia, PayMethPlan, PayMethFact, DeliveryAddress, DeliverySession)
VALUES 		(1,49,'Phone','Card','Card',25,107),(2,84,'App','Card','Card',73,156),(3,32,'Phone','Online','Online',73,185),(4,96,'Phone','Cash','Cash',33,78),(5,24,'App','Cash','Cash',69,337),(6,9,'Phone','Online','Online',7,366),(7,15,'App','Card',NULL,NULL,NULL),(8,67,'App','Cash','Cash',1,412),(9,4,'App','Card','Cash',61,179),(10,17,'App','Card','Card',11,139),(11,54,'Phone','Cash','Cash',97,219),(12,51,'App','Card','Card',37,67),(13,49,'Website','Online','Online',10,214),(14,15,'Website','Online','Online',17,218),(15,24,'App','Cash','Cash',86,314),(16,93,'App','Online','Online',45,305),(17,99,'App','Online','Online',52,44),(18,94,'App','Card',NULL,NULL,NULL),(19,55,'Website','Online','Online',73,184),(20,91,'Phone','Card','Cash',38,17),(21,30,'Website','Online','Online',29,362),(22,52,'Website','Online','Online',82,244),(23,13,'App','Online','Online',57,10),(24,31,'App','Online','Online',32,458),(25,63,'App','Online','Online',69,361),(26,95,'App','Cash','Cash',55,435),(27,33,'App','Cash','Cash',28,454),(28,72,'Phone','Cash','Cash',48,264),(29,80,'App','Online','Online',95,17),(30,5,'Website','Cash','Cash',62,90),(31,36,'App','Online','Online',33,422),(32,54,'Website','Card','Cash',62,234),(33,48,'App','Card','Cash',90,283),(34,87,'Website','Cash','Cash',26,33),(35,50,'App','Cash','Cash',73,446),(36,93,'App','Online','Cash',3,296),(37,31,'App','Card','Card',91,202),(38,13,'Website','Online','Online',61,192),(39,80,'App','Online','Online',53,160),(40,12,'App','Card','Card',29,223),(41,75,'Website','Online','Online',93,146),(42,19,'Website','Card','Cash',43,273),(43,46,'App','Cash','Cash',65,435),(44,80,'App','Online','Cash',39,407),(45,15,'Phone','Card','Cash',93,373),(46,58,'Phone','Cash','Cash',73,226),(47,16,'Website','Card','Card',44,328),(48,1,'App','Card','Card',46,279),(49,62,'App','Online','Online',21,55),(50,56,'Website','Cash','Cash',60,158),(51,47,'App','Cash','Cash',2,426),(52,16,'App','Cash','Cash',61,58),(53,14,'Website','Cash','Cash',67,33),(54,78,'App','Card','Card',80,489),(55,57,'Website','Cash','Cash',68,266),(56,55,'Website','Cash','Cash',49,199),(57,91,'App','Card','Card',30,470),(58,84,'App','Cash','Cash',79,274),(59,83,'App','Card','Card',72,84),(60,84,'Website','Card','Cash',30,207),(61,63,'Phone','Cash',NULL,NULL,NULL),(62,16,'Phone','Online','Online',10,328),(63,95,'App','Online','Online',85,380),(64,9,'Website','Online','Online',94,392),(65,97,'App','Cash','Cash',51,464),(66,19,'Phone','Card','Card',83,19),(67,56,'App','Online','Online',27,106),(68,2,'Phone','Card','Card',91,498),(69,47,'App','Online','Online',15,404),(70,31,'Website','Card','Card',98,387),(71,74,'App','Cash','Cash',41,269),(72,4,'Phone','Cash','Cash',44,137),(73,31,'App','Card','Card',11,72),(74,14,'App','Cash','Cash',2,306),(75,80,'Website','Cash','Cash',89,152),(76,50,'App','Cash','Cash',45,458),(77,42,'App','Card','Card',23,493),(78,52,'App','Card','Card',41,462),(79,72,'App','Cash','Cash',84,342),(80,54,'App','Card','Card',58,428),(81,40,'App','Card','Card',51,319),(82,77,'Website','Cash','Cash',70,41),(83,71,'Phone','Online','Cash',29,304),(84,82,'App','Online','Online',52,108),(85,2,'App','Cash','Cash',73,26),(86,96,'App','Card','Cash',100,204),(87,77,'App','Cash','Cash',52,454),(88,64,'App','Card','Card',98,256),(89,20,'App','Card','Card',35,388),(90,92,'App','Online','Online',15,229),(91,48,'Phone','Cash','Cash',98,27),(92,99,'App','Cash','Cash',1,428),(93,55,'App','Cash','Cash',93,331),(94,58,'Phone','Online','Online',46,212),(95,23,'App','Cash','Cash',70,351),(96,45,'App','Online','Online',83,220),(97,74,'App','Card','Card',27,250),(98,5,'App','Online','Online',20,5),(99,55,'App','Cash','Cash',38,260),(100,22,'App','Cash','Cash',1,342),(101,95,'Website','Card','Card',73,98),(102,49,'App','Card','Card',2,107),(103,49,'App','Online',NULL,NULL,NULL),(104,45,'App','Card','Card',83,327),(105,98,'Phone','Online','Online',34,473),(106,56,'Website','Card','Card',58,368),(107,75,'App','Card','Card',99,228),(108,86,'App','Card','Card',9,98),(109,23,'Phone','Card','Card',80,65),(110,96,'Website','Cash','Cash',58,95),(111,47,'Phone','Card','Card',87,118),(112,32,'Website','Card','Card',46,251),(113,65,'App','Card','Card',30,412),(114,98,'Phone','Online','Online',89,344),(115,20,'Website','Cash','Cash',94,287),(116,97,'Website','Card','Cash',100,238),(117,99,'Website','Cash','Cash',96,370),(118,22,'App','Cash','Cash',64,192),(119,10,'App','Card','Card',41,464),(120,94,'Website','Cash','Cash',97,490),(121,38,'App','Card','Card',42,439),(122,42,'Website','Card','Card',45,344),(123,24,'App','Online','Online',26,434),(124,14,'App','Online','Online',88,351),(125,92,'App','Online','Cash',38,274),(126,48,'App','Card','Card',72,106),(127,9,'Phone','Online','Online',34,427),(128,21,'App','Cash','Cash',36,308),(129,25,'App','Card','Card',58,113),(130,94,'App','Card','Card',90,262),(131,84,'App','Cash','Cash',57,126),(132,48,'Website','Cash','Cash',60,9),(133,7,'App','Online','Online',65,211),(134,92,'App','Card','Card',31,491),(135,16,'Phone','Card',NULL,NULL,NULL),(136,21,'Website','Online','Online',19,73),(137,19,'App','Card','Card',16,377),(138,52,'App','Cash','Cash',50,215),(139,67,'Phone','Card','Card',64,140),(140,58,'App','Cash','Cash',28,210),(141,63,'Phone','Card','Card',11,472),(142,70,'App','Cash','Cash',20,478),(143,20,'Phone','Online','Online',97,86),(144,96,'Phone','Online','Online',55,223),(145,77,'App','Card','Cash',92,84),(146,89,'App','Online','Online',12,206),(147,47,'App','Cash','Cash',68,374),(148,38,'Phone','Online','Online',45,19),(149,95,'App','Card','Card',27,323),(150,38,'Website','Card','Cash',99,83),(151,19,'App','Card','Card',67,376),(152,37,'Website','Card','Card',67,460),(153,68,'App','Online','Online',88,445),(154,41,'Phone','Card','Card',30,37),(155,92,'Website','Cash','Cash',48,493),(156,73,'App','Card','Cash',86,79),(157,80,'App','Card','Card',98,19),(158,59,'Phone','Card','Cash',66,7),(159,47,'App','Online','Online',64,3),(160,47,'Website','Card','Card',33,190),(161,53,'App','Online','Online',7,421),(162,64,'App','Card','Card',17,316),(163,10,'App','Online','Online',93,214),(164,24,'Website','Card','Card',96,141),(165,93,'Website','Cash','Cash',53,394),(166,23,'Website','Cash','Cash',10,89),(167,48,'Phone','Card','Card',72,171),(168,28,'App','Card','Card',24,261),(169,8,'Phone','Cash','Cash',11,302),(170,32,'Website','Cash','Cash',73,102),(171,58,'Website','Cash','Cash',49,175),(172,48,'App','Card','Card',43,332),(173,32,'Website','Card','Card',26,59),(174,58,'App','Card','Card',89,106),(175,72,'App','Online','Online',94,320),(176,21,'Phone','Online','Online',69,187),(177,20,'App','Online','Online',1,59),(178,78,'Phone','Card','Card',88,20),(179,26,'Website','Cash','Cash',79,343),(180,2,'Website','Card','Cash',78,391),(181,46,'App','Cash','Cash',84,20),(182,19,'App','Card','Card',60,268),(183,80,'App','Online','Online',15,409),(184,98,'Website','Card','Card',84,244),(185,75,'Website','Card','Cash',25,203),(186,8,'App','Cash','Cash',48,419),(187,91,'App','Online','Online',74,106),(188,45,'App','Card','Card',49,84),(189,26,'Phone','Cash','Cash',94,267),(190,61,'App','Cash','Cash',2,366),(191,26,'App','Cash','Cash',57,181),(192,16,'App','Online','Online',49,302),(193,16,'App','Cash','Cash',13,494),(194,80,'App','Online','Online',70,241),(195,96,'Phone','Online','Online',39,82),(196,24,'Website','Cash','Cash',67,255),(197,24,'Website','Online','Online',28,361),(198,64,'Phone','Online','Online',53,197),(199,35,'App','Card','Cash',85,173),(200,82,'App','Card','Card',56,268),(201,58,'Phone','Card','Card',76,108),(202,27,'App','Online','Online',76,317),(203,18,'App','Online','Online',24,373),(204,61,'App','Cash','Cash',96,436),(205,47,'Phone','Online','Online',3,53),(206,86,'App','Card','Card',74,376),(207,81,'Website','Cash','Cash',83,264),(208,19,'Phone','Cash','Cash',7,291),(209,19,'Website','Card',NULL,NULL,NULL),(210,48,'Phone','Cash','Cash',90,388),(211,71,'App','Cash','Cash',75,255),(212,79,'Website','Online','Online',59,270),(213,93,'Phone','Card','Card',42,301),(214,92,'Website','Card','Card',79,241),(215,64,'Phone','Card','Card',90,398),(216,43,'App','Cash','Cash',8,304),(217,89,'App','Online','Online',57,49),(218,70,'Phone','Cash','Cash',50,2),(219,56,'Phone','Cash','Cash',58,317),(220,62,'Phone','Online','Online',77,198),(221,31,'Phone','Cash','Cash',35,11),(222,30,'App','Cash','Cash',81,175),(223,63,'App','Cash','Cash',91,427),(224,100,'App','Card','Card',59,127),(225,31,'Website','Online','Online',31,465),(226,39,'App','Card','Card',41,115),(227,33,'Phone','Online','Online',12,3),(228,14,'App','Cash','Cash',58,145),(229,30,'Website','Online','Online',97,253),(230,37,'Website','Cash','Cash',51,301),(231,73,'Website','Card','Card',80,164),(232,80,'Website','Card','Card',88,268),(233,73,'Phone','Cash','Cash',62,265),(234,45,'App','Cash','Cash',51,101),(235,81,'App','Card','Card',59,439),(236,77,'Phone','Cash','Cash',73,242),(237,65,'App','Card','Card',89,354),(238,73,'App','Online','Online',52,381),(239,7,'App','Online','Online',42,117),(240,34,'App','Cash','Cash',55,493),(241,75,'App','Online','Cash',2,66),(242,36,'Phone','Card','Card',90,357),(243,2,'App','Online',NULL,NULL,NULL),(244,57,'Website','Cash','Cash',18,330),(245,95,'App','Online','Online',32,458),(246,74,'Website','Online','Online',80,153),(247,32,'Website','Cash','Cash',74,127),(248,79,'App','Cash','Cash',68,325),(249,77,'Website','Card','Card',54,10),(250,83,'Website','Cash','Cash',56,451),(251,87,'Website','Card','Card',65,312),(252,39,'Phone','Cash','Cash',33,34),(253,13,'Website','Card','Card',89,124),(254,14,'App','Online','Online',5,413),(255,42,'App','Cash','Cash',75,227),(256,50,'App','Cash','Cash',12,227),(257,4,'Phone','Cash','Cash',1,490),(258,54,'App','Online','Online',48,250),(259,15,'App','Card','Cash',83,432),(260,80,'App','Online','Online',78,306),(261,59,'App','Cash','Cash',1,137),(262,8,'App','Online','Online',52,143),(263,76,'Website','Card','Cash',33,177),(264,93,'App','Online','Online',53,401),(265,3,'Website','Card','Card',23,375),(266,8,'App','Card','Card',2,296),(267,99,'App','Online',NULL,NULL,NULL),(268,91,'Website','Card','Card',76,128),(269,36,'App','Online','Online',40,428),(270,98,'App','Card','Card',42,222),(271,84,'App','Cash','Cash',79,350),(272,76,'Website','Card','Card',32,490),(273,100,'App','Cash','Cash',62,494),(274,62,'Website','Online','Cash',100,180),(275,54,'App','Card','Card',68,373),(276,58,'App','Online','Online',82,283),(277,60,'App','Cash','Cash',47,426),(278,7,'App','Online','Online',42,204),(279,44,'App','Online','Online',74,207),(280,21,'Phone','Cash','Cash',7,102),(281,87,'App','Cash','Cash',81,365),(282,52,'App','Online','Online',22,172),(283,27,'Website','Online','Online',69,152),(284,42,'Website','Cash','Cash',78,343),(285,10,'Website','Online','Online',17,482),(286,41,'App','Online','Online',26,336),(287,67,'Website','Cash','Cash',96,446),(288,58,'App','Online','Cash',87,271),(289,70,'App','Cash','Cash',74,130),(290,60,'App','Cash','Cash',3,234),(291,11,'App','Cash','Cash',73,265),(292,96,'Phone','Cash','Cash',54,283),(293,25,'App','Card','Card',31,395),(294,2,'Website','Card','Cash',46,23),(295,45,'Website','Cash','Cash',48,98),(296,12,'Website','Card','Card',81,19),(297,91,'App','Card','Card',62,58),(298,12,'App','Cash','Cash',89,367),(299,38,'App','Online','Online',63,254),(300,11,'App','Card','Cash',32,390),(301,32,'App','Cash','Cash',79,334),(302,49,'App','Online','Cash',44,306),(303,12,'Website','Cash','Cash',19,375),(304,12,'App','Cash','Cash',49,316),(305,24,'App','Cash','Cash',89,3),(306,1,'Website','Cash','Cash',94,126),(307,18,'App','Cash','Cash',22,454),(308,64,'App','Cash','Cash',74,40),(309,70,'Website','Cash','Cash',76,474),(310,46,'App','Cash','Cash',78,140),(311,2,'App','Card','Card',31,60),(312,86,'Website','Card',NULL,NULL,NULL),(313,12,'App','Online','Online',4,449),(314,76,'App','Online','Cash',69,403),(315,84,'Phone','Online','Online',56,156),(316,67,'Website','Card','Card',85,187),(317,77,'App','Online','Online',3,363),(318,21,'App','Cash','Cash',23,483),(319,27,'Phone','Online','Online',87,488),(320,90,'Phone','Card',NULL,NULL,NULL),(321,21,'Phone','Online','Online',98,244),(322,94,'Website','Card','Card',7,343),(323,63,'App','Card','Card',88,34),(324,79,'App','Card','Card',7,396),(325,20,'App','Card','Cash',70,33),(326,35,'App','Card','Card',72,144),(327,26,'App','Online','Online',99,249),(328,68,'Phone','Cash','Cash',67,247),(329,88,'Phone','Card','Card',51,215),(330,90,'Phone','Cash',NULL,NULL,NULL),(331,39,'App','Cash','Cash',80,387),(332,13,'App','Cash','Cash',36,40),(333,86,'App','Card','Card',41,459),(334,84,'App','Online','Online',92,35),(335,62,'Website','Online','Online',53,303),(336,43,'Website','Online','Online',18,154),(337,93,'Website','Card','Card',99,86),(338,94,'App','Cash','Cash',78,70),(339,45,'App','Cash','Cash',95,153),(340,27,'Phone','Card','Card',89,441),(341,10,'App','Card','Cash',1,259),(342,36,'App','Card','Cash',43,408),(343,63,'Phone','Online','Online',67,32),(344,68,'Website','Cash','Cash',61,438),(345,16,'Website','Cash','Cash',7,74),(346,19,'Website','Cash','Cash',35,181),(347,37,'App','Online','Online',1,300),(348,85,'App','Card','Card',7,360),(349,73,'App','Cash','Cash',58,62),(350,42,'Website','Cash','Cash',84,304),(351,52,'Website','Online','Online',9,93),(352,76,'Phone','Cash','Cash',21,344),(353,21,'Website','Online','Online',75,453),(354,74,'Website','Cash','Cash',14,414),(355,78,'App','Card','Card',30,257),(356,21,'Phone','Card','Card',47,19),(357,28,'App','Card','Card',23,46),(358,63,'App','Online','Cash',98,130),(359,84,'App','Card',NULL,NULL,NULL),(360,7,'App','Card','Card',1,74),(361,84,'App','Card','Cash',62,11),(362,60,'App','Cash','Cash',87,487),(363,38,'Phone','Online','Online',78,464),(364,32,'App','Online','Online',62,406),(365,94,'Website','Card',NULL,NULL,NULL),(366,48,'App','Online','Online',55,323),(367,89,'Website','Online','Online',88,482),(368,35,'Phone','Card','Card',59,467),(369,25,'App','Card','Card',70,424),(370,49,'App','Online','Online',37,165),(371,95,'Website','Online','Cash',33,427),(372,1,'Phone','Card','Card',6,385),(373,66,'Website','Card','Card',97,409),(374,50,'Phone','Card','Card',83,166),(375,52,'App','Card','Card',63,290),(376,50,'Website','Cash','Cash',47,320),(377,100,'App','Online','Online',90,248),(378,23,'App','Online','Online',55,485),(379,64,'Website','Cash','Cash',42,352),(380,39,'Website','Online','Online',23,450),(381,90,'App','Card','Card',3,129),(382,74,'App','Cash','Cash',94,197),(383,70,'App','Cash','Cash',71,298),(384,68,'Phone','Online','Online',54,473),(385,67,'App','Card','Cash',58,451),(386,69,'App','Card','Card',12,184),(387,55,'App','Online','Online',33,320),(388,45,'Phone','Online','Cash',41,325),(389,4,'App','Cash','Cash',33,176),(390,20,'App','Online','Online',95,164),(391,12,'Website','Card','Card',28,354),(392,59,'Phone','Cash','Cash',12,58),(393,34,'App','Cash','Cash',38,332),(394,94,'App','Card','Card',2,413),(395,91,'App','Online','Cash',36,432),(396,76,'Phone','Card','Cash',10,263),(397,38,'Website','Card','Card',18,486),(398,44,'Website','Online','Online',34,240),(399,73,'App','Cash','Cash',90,376),(400,13,'App','Cash','Cash',96,431),(401,59,'Phone','Cash','Cash',57,248),(402,33,'Phone','Card','Card',31,313),(403,40,'Website','Online','Online',61,102),(404,92,'Phone','Cash','Cash',70,233),(405,47,'Website','Card','Card',92,155),(406,99,'App','Card','Card',66,329),(407,9,'Website','Card','Card',95,109),(408,18,'Phone','Cash','Cash',53,499),(409,88,'Website','Online','Online',2,386),(410,98,'Phone','Cash',NULL,NULL,NULL),(411,9,'App','Cash','Cash',43,192),(412,23,'Phone','Online','Online',89,90),(413,84,'App','Card','Cash',36,283),(414,50,'App','Online','Online',19,74),(415,27,'App','Card','Card',77,440),(416,27,'Website','Online','Online',73,75),(417,11,'Phone','Card','Card',79,104),(418,70,'App','Online','Online',24,285),(419,85,'App','Card','Card',56,452),(420,98,'Website','Card','Card',10,205),(421,46,'App','Online','Online',5,383),(422,17,'Website','Online','Online',72,274),(423,57,'App','Card','Cash',45,323),(424,90,'App','Online','Online',56,332),(425,4,'Phone','Card','Card',49,408),(426,86,'App','Cash','Cash',52,283),(427,52,'App','Online','Online',89,262),(428,77,'App','Card','Card',91,59),(429,41,'App','Card','Cash',64,499),(430,14,'Phone','Cash','Cash',2,275),(431,37,'App','Card','Card',9,29),(432,63,'App','Card','Card',91,363),(433,58,'Website','Cash','Cash',38,283),(434,77,'Phone','Card','Card',41,17),(435,35,'App','Cash','Cash',56,421),(436,87,'Website','Online','Online',3,339),(437,99,'Phone','Card','Cash',74,34),(438,53,'App','Cash','Cash',35,379),(439,85,'Website','Online','Online',77,243),(440,37,'Phone','Online','Online',23,294),(441,49,'Phone','Card','Card',54,243),(442,52,'Phone','Cash','Cash',16,400),(443,96,'Website','Card','Card',6,176),(444,71,'Phone','Card',NULL,NULL,NULL),(445,27,'Website','Card','Card',62,457),(446,93,'Phone','Cash','Cash',90,59),(447,76,'Website','Online','Online',48,245),(448,80,'App','Card','Card',95,98),(449,89,'App','Card','Card',91,89),(450,58,'Website','Card','Card',88,426),(451,9,'App','Online','Cash',17,179),(452,52,'Website','Card','Card',94,428),(453,72,'Website','Card',NULL,NULL,NULL),(454,48,'App','Online','Cash',30,293),(455,18,'App','Card','Card',55,28),(456,76,'App','Online','Cash',10,282),(457,92,'Phone','Cash','Cash',72,403),(458,95,'Website','Card','Card',5,444),(459,64,'Phone','Card','Cash',13,82),(460,84,'App','Online','Online',95,300),(461,98,'Phone','Card','Card',66,380),(462,62,'Website','Cash','Cash',30,470),(463,21,'App','Online','Online',95,429),(464,52,'Website','Card',NULL,NULL,NULL),(465,75,'Website','Cash','Cash',83,98),(466,55,'App','Cash','Cash',43,70),(467,42,'Website','Online',NULL,NULL,NULL),(468,13,'Website','Card','Card',18,94),(469,35,'App','Online','Online',62,396),(470,47,'App','Cash','Cash',91,297),(471,78,'Phone','Online','Online',98,127),(472,57,'Website','Online','Online',15,383),(473,50,'App','Card','Card',5,485),(474,37,'App','Cash','Cash',85,436),(475,49,'Phone','Card','Card',49,140),(476,56,'App','Cash','Cash',62,329),(477,59,'App','Online','Online',59,282),(478,94,'App','Card','Card',23,51),(479,26,'App','Online','Online',21,320),(480,67,'Phone','Online','Online',25,189),(481,32,'Website','Cash','Cash',57,3),(482,23,'App','Cash','Cash',26,214),(483,7,'App','Online','Online',16,338),(484,58,'App','Cash','Cash',30,332),(485,11,'Phone','Online','Online',66,86),(486,99,'App','Online','Online',4,319),(487,84,'App','Card','Card',51,26),(488,18,'App','Cash','Cash',52,103),(489,11,'App','Online','Online',28,175),(490,97,'App','Card','Cash',3,137),(491,22,'Phone','Online','Online',96,172),(492,22,'App','Online','Online',28,484),(493,84,'Phone','Online','Online',54,133),(494,48,'App','Online','Online',4,378),(495,75,'Phone','Online','Online',40,343),(496,71,'Website','Cash','Cash',59,204),(497,3,'Website','Cash','Cash',70,277),(498,98,'Phone','Online','Cash',46,62),(499,82,'Phone','Cash','Cash',36,64),(500,58,'App','Cash',NULL,NULL,NULL),(501,30,'App','Online','Online',53,260),(502,82,'App','Cash','Cash',35,124),(503,73,'App','Online','Online',96,169),(504,27,'Website','Online','Online',66,280),(505,84,'App','Online','Online',23,367),(506,61,'App','Cash','Cash',97,382),(507,91,'Phone','Cash','Cash',63,91),(508,21,'Phone','Online','Online',25,350),(509,23,'Phone','Cash','Cash',39,398),(510,19,'App','Online','Online',38,93),(511,71,'App','Cash','Cash',48,3),(512,46,'Website','Online','Online',31,94),(513,42,'App','Card','Card',17,213),(514,100,'App','Cash','Cash',46,77),(515,98,'App','Online','Online',73,288),(516,4,'App','Card','Card',75,37),(517,18,'Phone','Card','Card',67,418),(518,38,'Website','Card','Card',18,76),(519,61,'Website','Cash','Cash',17,152),(520,83,'App','Cash','Cash',65,27),(521,15,'App','Cash','Cash',38,402),(522,6,'Website','Cash','Cash',13,398),(523,79,'App','Card','Cash',32,236),(524,91,'App','Online','Online',76,212),(525,45,'App','Card',NULL,NULL,NULL),(526,24,'App','Cash','Cash',15,202),(527,52,'App','Online','Online',29,113),(528,61,'Phone','Cash','Cash',81,166),(529,93,'Website','Cash','Cash',49,58),(530,12,'Website','Card','Card',25,406),(531,20,'App','Card','Card',36,115),(532,90,'App','Cash','Cash',73,124),(533,33,'Phone','Card','Card',63,122),(534,62,'Website','Cash','Cash',98,373),(535,83,'App','Card','Cash',71,181),(536,19,'App','Online',NULL,NULL,NULL),(537,46,'App','Card','Card',10,447),(538,53,'App','Cash','Cash',95,88),(539,9,'Phone','Card',NULL,NULL,NULL),(540,85,'App','Card','Cash',25,296),(541,98,'Website','Card','Card',10,215),(542,4,'App','Online','Online',28,170),(543,14,'App','Card','Cash',41,232),(544,56,'App','Cash','Cash',69,171),(545,18,'App','Card','Card',6,191),(546,18,'Website','Cash','Cash',79,55),(547,52,'Website','Cash','Cash',13,451),(548,80,'Phone','Cash','Cash',30,197),(549,39,'Website','Online','Online',29,471),(550,26,'App','Cash','Cash',19,146),(551,63,'Website','Online','Online',56,176),(552,34,'App','Card','Card',34,341),(553,21,'App','Online','Online',98,130),(554,87,'App','Card','Card',62,19),(555,48,'App','Card','Card',59,284),(556,89,'App','Online','Online',43,22),(557,49,'Website','Cash','Cash',11,495),(558,23,'App','Card','Card',78,364),(559,58,'App','Online','Cash',70,92),(560,76,'App','Cash','Cash',95,112),(561,89,'App','Card','Card',64,346),(562,29,'Website','Online','Online',32,313),(563,28,'App','Cash','Cash',43,3),(564,6,'App','Cash','Cash',94,463),(565,25,'App','Online','Online',12,144),(566,84,'Website','Cash','Cash',8,117),(567,94,'Website','Cash','Cash',38,169),(568,28,'Website','Cash','Cash',34,199),(569,73,'App','Online',NULL,NULL,NULL),(570,82,'Website','Card',NULL,NULL,NULL),(571,40,'Website','Online','Online',28,200),(572,13,'App','Cash',NULL,NULL,NULL),(573,34,'App','Online','Online',95,223),(574,70,'Phone','Online','Online',15,287),(575,79,'App','Online','Cash',21,314),(576,44,'Website','Online','Online',94,342),(577,31,'Website','Cash','Cash',17,388),(578,3,'App','Online','Online',17,77),(579,74,'App','Card',NULL,NULL,NULL),(580,39,'Website','Online','Online',51,435),(581,12,'Website','Card',NULL,NULL,NULL),(582,21,'Phone','Online','Online',61,23),(583,31,'Phone','Online','Online',35,14),(584,31,'App','Cash','Cash',57,459),(585,76,'App','Cash','Cash',12,4),(586,43,'Website','Card','Card',38,302),(587,70,'Phone','Cash','Cash',54,441),(588,64,'Phone','Online',NULL,NULL,NULL),(589,39,'Phone','Card','Card',27,126),(590,49,'App','Card','Card',21,443),(591,37,'App','Online','Online',83,380),(592,40,'App','Cash','Cash',1,186),(593,13,'Website','Card','Card',16,325),(594,14,'App','Cash','Cash',100,304),(595,35,'App','Card','Card',23,469),(596,78,'App','Cash','Cash',50,29),(597,79,'App','Online','Online',44,484),(598,37,'Website','Online','Cash',4,383),(599,94,'App','Cash','Cash',30,483),(600,69,'App','Card','Card',56,271),(601,16,'Phone','Card','Card',87,321),(602,87,'App','Cash','Cash',93,281),(603,94,'App','Online','Online',6,496),(604,34,'App','Cash','Cash',50,339),(605,4,'Phone','Cash','Cash',94,11),(606,51,'Website','Online','Online',59,215),(607,58,'App','Cash','Cash',24,8),(608,6,'Website','Online','Online',25,113),(609,60,'App','Cash','Cash',32,305),(610,61,'Website','Online','Online',80,86),(611,70,'App','Online','Online',60,234),(612,33,'App','Card','Card',13,268),(613,34,'App','Online','Online',94,50),(614,65,'Website','Online','Online',45,239),(615,53,'App','Online','Online',43,105),(616,19,'Website','Cash','Cash',67,124),(617,71,'Website','Card','Card',27,181),(618,27,'Phone','Online','Online',88,452),(619,5,'Phone','Cash','Cash',58,166),(620,8,'Website','Online','Online',45,178),(621,16,'App','Card','Card',98,79),(622,40,'App','Online','Online',53,428),(623,71,'App','Cash','Cash',29,110),(624,44,'Website','Online','Online',48,302),(625,53,'Phone','Online','Online',6,403),(626,98,'Phone','Online','Online',82,334),(627,6,'App','Card','Card',90,328),(628,32,'App','Cash','Cash',44,272),(629,69,'App','Online','Online',92,43),(630,51,'App','Cash','Cash',19,389),(631,70,'Website','Card','Card',4,254),(632,81,'Website','Online','Online',33,454),(633,37,'Phone','Cash','Cash',2,386),(634,12,'Phone','Online','Cash',67,433),(635,15,'Phone','Online','Online',59,190),(636,8,'App','Cash','Cash',37,433),(637,83,'App','Card',NULL,NULL,NULL),(638,34,'App','Cash','Cash',37,117),(639,64,'App','Online','Online',26,6),(640,87,'App','Cash','Cash',1,243),(641,8,'App','Card','Card',5,110),(642,10,'App','Online','Cash',18,307),(643,30,'Website','Card','Card',69,176),(644,92,'App','Cash','Cash',80,185),(645,48,'App','Online','Cash',56,257),(646,35,'Website','Cash','Cash',98,459),(647,9,'App','Cash','Cash',78,498),(648,40,'Website','Cash','Cash',69,67),(649,69,'Website','Online','Online',73,281),(650,56,'Phone','Online','Cash',88,368),(651,67,'App','Card','Card',1,307),(652,59,'App','Online','Online',47,286),(653,26,'App','Cash','Cash',44,392),(654,57,'App','Cash','Cash',71,350),(655,5,'Website','Cash','Cash',89,210),(656,32,'App','Card','Card',48,400),(657,84,'App','Card','Card',32,422),(658,37,'App','Cash','Cash',55,322),(659,71,'Website','Cash','Cash',35,226),(660,84,'App','Online','Online',4,55),(661,38,'App','Card','Card',57,480),(662,75,'App','Cash','Cash',49,277),(663,79,'Phone','Cash','Cash',85,312),(664,96,'App','Cash','Cash',41,279),(665,75,'Phone','Online','Online',66,107),(666,75,'App','Card','Card',100,16),(667,3,'App','Online','Cash',21,290),(668,50,'App','Cash','Cash',17,81),(669,78,'App','Cash','Cash',75,197),(670,12,'Website','Online','Online',63,243),(671,3,'Website','Card','Card',2,304),(672,38,'Phone','Online','Online',13,339),(673,78,'App','Cash','Cash',19,443),(674,79,'Phone','Cash','Cash',8,353),(675,12,'Phone','Cash','Cash',20,476),(676,23,'Phone','Online','Online',54,269),(677,62,'Website','Card','Card',24,83),(678,75,'Website','Cash','Cash',56,132),(679,1,'App','Card','Card',61,186),(680,83,'App','Cash','Cash',88,198),(681,12,'Phone','Cash','Cash',2,211),(682,23,'App','Cash','Cash',48,417),(683,61,'App','Cash','Cash',9,466),(684,13,'Website','Card','Card',39,431),(685,7,'Website','Card','Card',37,356),(686,8,'App','Card','Card',25,380),(687,49,'App','Cash','Cash',48,460),(688,36,'App','Online','Online',97,428),(689,27,'Website','Cash','Cash',2,491),(690,15,'App','Cash','Cash',31,410),(691,68,'App','Card','Cash',54,444),(692,36,'Phone','Cash','Cash',16,475),(693,87,'Website','Online','Online',30,75),(694,72,'Website','Online','Online',12,113),(695,13,'App','Online','Online',91,163),(696,40,'App','Online','Online',78,487),(697,1,'Phone','Card','Card',64,468),(698,14,'App','Online','Online',59,406),(699,18,'Website','Cash',NULL,NULL,NULL),(700,42,'Phone','Card','Card',77,253),(701,12,'Phone','Card','Card',33,408),(702,81,'Website','Online','Online',13,162),(703,96,'App','Online','Online',67,13),(704,19,'App','Online','Online',28,178),(705,46,'Website','Card','Card',82,61),(706,77,'App','Card','Card',54,328),(707,66,'Website','Cash','Cash',23,414),(708,79,'App','Cash','Cash',22,170),(709,97,'App','Online','Online',27,307),(710,24,'Website','Online','Online',45,452),(711,47,'App','Cash','Cash',11,34),(712,35,'App','Online','Online',83,458),(713,93,'Website','Cash','Cash',32,242),(714,13,'Phone','Cash','Cash',86,56),(715,69,'App','Card','Card',80,218),(716,48,'App','Cash','Cash',82,108),(717,35,'Phone','Online','Online',46,349),(718,9,'Website','Online','Online',83,200),(719,58,'Website','Cash','Cash',38,362),(720,16,'App','Online','Online',81,227),(721,24,'Website','Cash','Cash',92,75),(722,46,'App','Cash','Cash',39,467),(723,12,'App','Online','Cash',7,62),(724,24,'App','Cash','Cash',58,191),(725,67,'Website','Online','Online',53,451),(726,15,'App','Card','Card',92,478),(727,91,'Phone','Online','Cash',10,352),(728,72,'Phone','Cash','Cash',21,8),(729,76,'Phone','Cash','Cash',19,121),(730,43,'App','Online','Online',37,497),(731,14,'Website','Card','Card',28,93),(732,64,'App','Cash','Cash',42,24),(733,58,'App','Card','Card',94,6),(734,33,'App','Cash','Cash',100,259),(735,13,'App','Online','Cash',1,407),(736,16,'App','Card','Card',94,304),(737,39,'Phone','Online','Cash',91,295),(738,77,'App','Online','Online',17,449),(739,21,'Phone','Card','Cash',75,140),(740,32,'App','Card','Card',11,183),(741,2,'Website','Cash','Cash',19,129),(742,65,'Website','Online','Cash',94,365),(743,10,'App','Card','Card',1,356),(744,89,'Phone','Cash','Cash',5,198),(745,80,'Website','Cash',NULL,NULL,NULL),(746,97,'Phone','Card','Card',19,366),(747,13,'App','Cash','Cash',58,93),(748,9,'App','Card','Card',55,285),(749,39,'Website','Cash','Cash',95,120),(750,28,'App','Online','Cash',6,20),(751,72,'App','Card','Card',73,166),(752,12,'Website','Online','Online',16,213),(753,11,'Website','Online','Cash',13,333),(754,15,'App','Online','Online',16,296),(755,88,'App','Cash','Cash',17,107),(756,44,'App','Card','Card',70,248),(757,65,'Phone','Card','Card',60,212),(758,87,'App','Card','Card',66,452),(759,82,'App','Card','Card',76,428),(760,11,'App','Cash','Cash',52,157),(761,23,'App','Card','Card',2,287),(762,56,'App','Card',NULL,NULL,NULL),(763,16,'Phone','Cash','Cash',98,159),(764,37,'App','Online','Online',36,302),(765,21,'App','Cash','Cash',84,445),(766,38,'Website','Online','Online',9,51),(767,34,'App','Online','Online',100,382),(768,71,'App','Card','Card',7,396),(769,74,'Website','Card','Card',45,366),(770,25,'Website','Cash','Cash',65,297),(771,77,'Phone','Online','Online',50,434),(772,81,'App','Card','Card',18,408),(773,7,'App','Card','Card',91,432),(774,1,'App','Card',NULL,NULL,NULL),(775,32,'Website','Card','Card',75,75),(776,70,'App','Online','Online',68,329),(777,92,'App','Online','Online',3,167),(778,8,'App','Card','Card',85,379),(779,21,'App','Cash','Cash',12,156),(780,99,'Website','Cash','Cash',42,76),(781,99,'App','Card','Card',87,90),(782,11,'App','Card','Cash',47,431),(783,26,'App','Card','Card',9,396),(784,18,'Website','Card','Card',20,478),(785,70,'App','Card','Card',73,133),(786,2,'Website','Cash','Cash',4,431),(787,92,'Website','Card','Card',47,2),(788,99,'App','Online','Online',87,261),(789,69,'App','Cash','Cash',32,301),(790,54,'App','Card','Card',60,404),(791,34,'Website','Card','Card',52,91),(792,36,'App','Cash','Cash',3,114),(793,55,'Website','Card',NULL,NULL,NULL),(794,23,'Website','Online','Online',38,216),(795,27,'App','Card','Card',40,244),(796,43,'Phone','Card','Card',31,67),(797,10,'Website','Online','Online',79,333),(798,76,'App','Card','Card',93,456),(799,22,'App','Cash','Cash',87,182),(800,46,'App','Card','Cash',88,191),(801,48,'Phone','Cash','Cash',38,226),(802,76,'App','Card','Card',41,403),(803,7,'Phone','Card','Cash',83,131),(804,33,'Website','Cash','Cash',59,163),(805,24,'App','Online','Online',6,465),(806,98,'App','Card','Card',1,464),(807,12,'App','Cash','Cash',45,484),(808,95,'App','Online','Online',55,472),(809,54,'App','Cash','Cash',88,7),(810,11,'Website','Cash','Cash',32,121),(811,15,'App','Card','Card',60,85),(812,79,'App','Card','Card',58,164),(813,91,'Website','Card','Card',3,56),(814,70,'App','Cash','Cash',17,85),(815,15,'Website','Online','Online',38,352),(816,16,'Website','Cash','Cash',22,434),(817,51,'App','Cash','Cash',83,347),(818,3,'App','Cash','Cash',79,364),(819,15,'App','Cash','Cash',68,370),(820,66,'Website','Card','Cash',59,31),(821,78,'App','Card','Cash',10,58),(822,9,'Website','Card','Card',3,378),(823,60,'App','Online',NULL,NULL,NULL),(824,26,'Phone','Cash','Cash',43,2),(825,72,'Website','Card','Card',22,151),(826,89,'Phone','Cash','Cash',55,358),(827,7,'Website','Cash','Cash',44,312),(828,3,'App','Card','Card',32,274),(829,36,'Website','Card','Card',36,182),(830,72,'App','Card','Card',14,257),(831,98,'Website','Cash',NULL,NULL,NULL),(832,33,'App','Card','Card',94,486),(833,96,'Website','Card','Card',83,340),(834,82,'Website','Online','Cash',56,377),(835,27,'App','Cash','Cash',38,90),(836,49,'App','Cash','Cash',70,363),(837,21,'App','Cash','Cash',50,428),(838,20,'Website','Cash','Cash',95,376),(839,97,'App','Card','Card',10,400),(840,51,'Phone','Card','Card',38,161),(841,97,'App','Cash','Cash',37,380),(842,50,'Website','Card','Card',80,317),(843,86,'Website','Cash','Cash',77,311),(844,86,'App','Card','Card',8,355),(845,99,'App','Online','Online',13,226),(846,44,'App','Cash',NULL,NULL,NULL),(847,30,'App','Online','Online',55,369),(848,84,'App','Online','Online',25,155),(849,66,'Website','Cash','Cash',28,319),(850,7,'App','Online','Online',72,476),(851,27,'Phone','Cash','Cash',11,68),(852,40,'Website','Cash','Cash',56,162),(853,56,'App','Card','Cash',13,230),(854,49,'App','Cash','Cash',83,151),(855,88,'App','Cash','Cash',46,82),(856,22,'Phone','Cash','Cash',61,75),(857,45,'App','Cash','Cash',43,484),(858,40,'Website','Cash','Cash',90,438),(859,15,'Phone','Online','Online',25,234),(860,71,'App','Cash','Cash',49,94),(861,75,'App','Cash','Cash',18,179),(862,59,'Website','Cash','Cash',26,396),(863,59,'Website','Card','Card',94,63),(864,55,'Website','Cash','Cash',31,491),(865,78,'App','Online','Online',70,39),(866,61,'App','Cash','Cash',52,483),(867,11,'Website','Online','Online',2,19),(868,57,'App','Card','Card',71,164),(869,53,'Website','Card','Cash',21,446),(870,54,'Phone','Online','Online',98,464),(871,38,'Website','Card','Card',26,482),(872,63,'Website','Cash','Cash',32,159),(873,96,'App','Card','Card',86,252),(874,18,'App','Card','Card',73,383),(875,83,'App','Card','Cash',11,68),(876,2,'App','Online','Online',81,385),(877,79,'App','Cash','Cash',70,11),(878,90,'App','Online','Online',57,325),(879,23,'App','Online','Online',63,79),(880,49,'Phone','Cash','Cash',25,220),(881,10,'Website','Card','Card',72,131),(882,38,'Phone','Card','Card',58,180),(883,12,'Phone','Card','Card',20,492),(884,38,'App','Online','Online',10,287),(885,34,'App','Online','Online',97,354),(886,48,'Website','Cash','Cash',33,497),(887,18,'Website','Cash','Cash',83,2),(888,68,'Phone','Cash','Cash',74,241),(889,8,'Phone','Card','Card',66,6),(890,69,'Website','Online','Online',88,39),(891,39,'App','Online','Online',97,100),(892,88,'Website','Cash','Cash',66,245),(893,20,'App','Cash','Cash',57,48),(894,16,'App','Cash','Cash',52,454),(895,58,'App','Cash','Cash',49,457),(896,73,'App','Online','Online',8,238),(897,48,'App','Online','Online',41,460),(898,80,'Website','Online','Online',5,276),(899,28,'Website','Online','Online',26,189),(900,35,'App','Cash','Cash',16,300),(901,14,'Website','Online','Online',2,185),(902,73,'Phone','Card','Card',81,492),(903,10,'App','Card','Card',75,447),(904,56,'App','Card','Cash',40,48),(905,13,'Phone','Card','Card',38,51),(906,53,'App','Card','Card',45,33),(907,61,'Website','Online','Online',82,239),(908,47,'App','Cash','Cash',86,448),(909,12,'App','Online','Online',5,134),(910,16,'Website','Card','Card',8,477),(911,100,'Website','Card','Cash',83,111),(912,49,'App','Cash','Cash',15,147),(913,84,'Phone','Cash','Cash',65,264),(914,48,'App','Card',NULL,NULL,NULL),(915,18,'App','Card','Card',89,19),(916,70,'App','Online','Online',28,113),(917,12,'App','Online','Online',98,439),(918,4,'Website','Cash','Cash',99,364),(919,75,'Phone','Cash','Cash',7,383),(920,48,'Website','Online','Online',63,5),(921,7,'App','Cash','Cash',5,338),(922,56,'App','Online',NULL,NULL,NULL),(923,58,'App','Card','Card',89,72),(924,4,'App','Card','Card',69,499),(925,100,'Website','Card','Card',49,245),(926,5,'Phone','Card','Card',69,62),(927,28,'App','Cash','Cash',67,164),(928,7,'App','Online','Cash',62,219),(929,22,'Phone','Online','Online',19,202),(930,54,'Website','Cash','Cash',61,19),(931,33,'App','Online','Online',49,397),(932,15,'App','Card','Card',80,293),(933,3,'Phone','Cash','Cash',94,160),(934,83,'Phone','Cash','Cash',12,373),(935,32,'App','Online','Online',62,499),(936,15,'App','Cash','Cash',99,10),(937,62,'App','Cash','Cash',73,476),(938,27,'App','Online','Online',40,129),(939,4,'App','Online','Online',48,378),(940,43,'Phone','Cash','Cash',90,3),(941,39,'App','Cash','Cash',88,247),(942,40,'App','Online','Online',45,373),(943,79,'App','Cash','Cash',84,152),(944,58,'App','Cash','Cash',14,249),(945,1,'App','Cash','Cash',20,278),(946,22,'App','Card','Card',40,143),(947,65,'App','Card','Card',75,325),(948,88,'App','Online','Online',1,102),(949,12,'App','Cash','Cash',100,35),(950,6,'Phone','Online','Online',38,484),(951,10,'Website','Card','Card',97,24),(952,48,'App','Online','Online',34,436),(953,65,'App','Cash','Cash',96,179),(954,94,'App','Card','Card',88,214),(955,94,'App','Cash','Cash',45,102),(956,7,'App','Card','Card',66,14),(957,19,'App','Card','Card',40,267),(958,48,'App','Online','Cash',36,6),(959,78,'Phone','Online','Online',45,459),(960,36,'App','Online','Online',36,34),(961,30,'App','Cash','Cash',83,356),(962,90,'Website','Cash','Cash',45,167),(963,30,'App','Cash','Cash',82,497),(964,32,'App','Cash','Cash',27,204),(965,79,'Website','Online','Online',80,230),(966,69,'Website','Online','Online',45,303),(967,75,'App','Cash','Cash',99,68),(968,94,'App','Card','Card',9,167),(969,82,'Website','Card','Card',90,92),(970,75,'App','Cash',NULL,NULL,NULL),(971,57,'App','Online','Online',60,227),(972,47,'Website','Cash','Cash',66,106),(973,75,'Phone','Card','Card',20,373),(974,61,'App','Cash','Cash',11,102),(975,91,'Website','Cash','Cash',21,8),(976,31,'Phone','Online','Online',22,121),(977,45,'Website','Cash','Cash',39,64),(978,34,'App','Card',NULL,NULL,NULL),(979,36,'Website','Cash','Cash',67,280),(980,50,'Website','Online','Online',16,394),(981,13,'Website','Online','Online',27,345),(982,64,'App','Online','Cash',18,402),(983,18,'Website','Online','Online',66,460),(984,95,'App','Cash','Cash',92,322),(985,100,'Website','Online','Cash',68,42),(986,94,'Phone','Cash','Cash',16,406),(987,45,'Phone','Card','Card',79,487),(988,46,'App','Online','Online',77,206),(989,69,'App','Cash',NULL,NULL,NULL),(990,86,'App','Online','Online',22,306),(991,61,'Website','Online','Online',97,360),(992,94,'Phone','Cash','Cash',76,408),(993,64,'App','Card','Card',14,247),(994,90,'Website','Card','Card',56,234),(995,11,'App','Online','Online',1,228),(996,29,'Website','Cash','Cash',25,387),(997,74,'App','Card','Card',83,144),(998,18,'App','Online','Online',41,59),(999,30,'Phone','Card',NULL,NULL,NULL),(1000,42,'App','Cash','Cash',64,274);

-- goodsinorder table
INSERT INTO goodsinorder 
			(id, ForOrder, AssortmentID)
VALUES 		(1,1,8),(2,1,9),(3,1,6),(4,1,7),(5,2,5),(6,2,3),(7,2,6),(8,2,1),(9,3,3),(10,4,7),(11,4,9),(12,5,7),(13,5,1),(14,6,6),(15,6,1),(16,6,3),(17,6,8),(18,6,3),(19,6,7),(20,7,5),(21,7,9),(22,7,7),(23,8,7),(24,8,5),(25,8,9),(26,8,3),(27,8,9),(28,9,7),(29,10,3),(30,10,8),(31,11,3),(32,11,1),(33,11,9),(34,11,5),(35,11,6),(36,13,7),(37,13,6),(38,13,1),(39,13,5),(40,14,7),(41,14,6),(42,14,8),(43,14,8),(44,15,1),(45,16,5),(46,17,3),(47,17,6),(48,18,1),(49,18,5),(50,19,3),(51,19,9),(52,21,7),(53,22,7),(54,22,6),(55,22,3),(56,23,4),(57,23,1),(58,23,5),(59,23,1),(60,24,3),(61,24,8),(62,24,5),(63,25,8),(64,25,8),(65,25,7),(66,25,8),(67,25,9),(68,26,9),(69,26,1),(70,26,3),(71,27,5),(72,27,8),(73,28,8),(74,28,1),(75,29,1),(76,29,3),(77,30,1),(78,30,9),(79,30,9),(80,31,3),(81,31,6),(82,32,1),(83,32,1),(84,33,2),(85,33,9),(86,34,5),(87,34,8),(88,34,8),(89,35,7),(90,35,8),(91,36,3),(92,36,3),(93,36,9),(94,36,6),(95,37,9),(96,38,1),(97,38,1),(98,40,4),(99,40,2),(100,40,2),(101,41,7),(102,42,6),(103,42,5),(104,42,1),(105,43,5),(106,43,1),(107,44,3),(108,45,6),(109,46,9),(110,46,9),(111,46,1),(112,47,2),(113,47,5),(114,48,1),(115,48,8),(116,49,9),(117,49,5),(118,49,5),(119,50,9),(120,50,6),(121,50,8),(122,51,1),(123,51,7),(124,51,5),(125,51,7),(126,51,6),(127,51,9),(128,52,1),(129,52,2),(130,52,2),(131,53,8),(132,53,3),(133,53,9),(134,54,5),(135,54,5),(136,54,6),(137,54,1),(138,54,8),(139,54,3),(140,55,1),(141,55,6),(142,56,3),(143,56,5),(144,57,5),(145,57,5),(146,57,5),(147,58,8),(148,58,6),(149,58,5),(150,59,6),(151,59,8),(152,59,7),(153,60,7),(154,60,1),(155,60,1),(156,60,7),(157,61,5),(158,61,1),(159,62,2),(160,62,2),(161,62,9),(162,62,1),(163,62,1),(164,62,1),(165,63,6),(166,65,1),(167,65,6),(168,66,9),(169,66,3),(170,66,8),(171,67,5),(172,67,3),(173,67,1),(174,67,9),(175,67,5),(176,68,9),(177,68,1),(178,68,9),(179,69,3),(180,69,6),(181,70,7),(182,70,8),(183,71,5),(184,71,8),(185,71,3),(186,72,9),(187,72,7),(188,72,3),(189,73,7),(190,73,1),(191,73,8),(192,73,7),(193,74,7),(194,74,8),(195,74,8),(196,74,1),(197,74,9),(198,75,5),(199,76,8),(200,76,5),(201,77,8),(202,77,8),(203,77,1),(204,77,3),(205,78,6),(206,78,1),(207,78,3),(208,79,6),(209,79,9),(210,79,1),(211,80,9),(212,80,3),(213,80,3),(214,81,3),(215,81,5),(216,82,6),(217,82,5),(218,82,6),(219,82,6),(220,83,5),(221,83,7),(222,83,8),(223,83,6),(224,83,7),(225,84,3),(226,84,3),(227,84,9),(228,84,9),(229,84,7),(230,84,5),(231,85,1),(232,85,7),(233,85,9),(234,85,3),(235,86,9),(236,86,9),(237,86,1),(238,86,7),(239,86,8),(240,87,9),(241,87,3),(242,88,1),(243,88,5),(244,88,1),(245,89,9),(246,90,6),(247,90,8),(248,91,5),(249,91,5),(250,91,9),(251,91,4),(252,92,1),(253,92,9),(254,92,1),(255,93,3),(256,93,7),(257,93,8),(258,93,8),(259,94,7),(260,94,1),(261,95,6),(262,96,3),(263,96,8),(264,96,6),(265,97,3),(266,98,6),(267,98,8),(268,98,1),(269,99,7),(270,100,5),(271,100,6),(272,101,3),(273,101,7),(274,101,9),(275,101,3),(276,101,8),(277,102,5),(278,102,8),(279,102,7),(280,103,8),(281,103,8),(282,103,1),(283,103,8),(284,103,8),(285,104,5),(286,104,9),(287,104,5),(288,105,1),(289,106,6),(290,106,3),(291,106,1),(292,106,9),(293,107,5),(294,107,3),(295,107,5),(296,108,1),(297,108,1),(298,108,8),(299,108,7),(300,109,6),(301,109,9),(302,110,6),(303,110,6),(304,111,9),(305,111,1),(306,111,7),(307,111,6),(308,112,1),(309,112,3),(310,113,7),(311,114,9),(312,114,2),(313,114,9),(314,115,5),(315,115,9),(316,116,9),(317,116,8),(318,116,1),(319,117,9),(320,117,5),(321,117,3),(322,117,8),(323,118,5),(324,118,6),(325,118,7),(326,118,8),(327,118,6),(328,119,1),(329,119,7),(330,119,3),(331,119,5),(332,119,3),(333,120,2),(334,120,5),(335,120,2),(336,121,6),(337,121,1),(338,122,6),(339,122,3),(340,122,1),(341,123,1),(342,123,5),(343,123,3),(344,123,6),(345,123,9),(346,123,7),(347,123,7),(348,124,5),(349,124,3),(350,124,7),(351,124,6),(352,125,5),(353,125,8),(354,125,5),(355,125,3),(356,125,9),(357,126,1),(358,126,9),(359,126,2),(360,128,2),(361,128,1),(362,128,1),(363,129,8),(364,129,3),(365,130,1),(366,130,2),(367,130,9),(368,130,1),(369,130,4),(370,131,9),(371,131,3),(372,131,1),(373,132,4),(374,132,9),(375,133,5),(376,133,1),(377,133,5),(378,135,9),(379,135,1),(380,135,9),(381,135,2),(382,135,9),(383,135,4),(384,136,4),(385,136,2),(386,136,1),(387,136,4),(388,136,2),(389,136,5),(390,136,5),(391,137,9),(392,137,3),(393,137,1),(394,137,1),(395,137,9),(396,137,5),(397,138,1),(398,138,6),(399,138,5),(400,139,6),(401,139,3),(402,139,1),(403,139,8),(404,139,9),(405,140,9),(406,140,8),(407,140,7),(408,140,1),(409,140,3),(410,141,7),(411,141,6),(412,142,2),(413,142,2),(414,142,2),(415,143,3),(416,144,5),(417,144,3),(418,144,3),(419,144,1),(420,145,3),(421,146,9),(422,146,1),(423,147,9),(424,147,9),(425,148,3),(426,149,6),(427,149,1),(428,149,1),(429,149,6),(430,149,8),(431,149,8),(432,149,3),(433,150,5),(434,151,9),(435,151,8),(436,151,9),(437,152,3),(438,153,7),(439,153,6),(440,154,8),(441,154,5),(442,155,1),(443,155,5),(444,155,3),(445,155,7),(446,155,9),(447,156,7),(448,156,3),(449,156,8),(450,156,6),(451,157,3),(452,158,3),(453,158,8),(454,159,5),(455,159,7),(456,159,5),(457,159,5),(458,160,8),(459,160,5),(460,160,7),(461,160,9),(462,161,3),(463,162,6),(464,162,7),(465,163,1),(466,163,5),(467,164,9),(468,164,8),(469,164,1),(470,165,6),(471,165,5),(472,165,6),(473,166,5),(474,166,1),(475,166,6),(476,167,5),(477,167,1),(478,167,9),(479,167,4),(480,167,4),(481,168,8),(482,169,5),(483,169,3),(484,170,9),(485,170,7),(486,171,8),(487,171,6),(488,172,9),(489,172,1),(490,172,9),(491,172,9),(492,173,3),(493,173,6),(494,173,8),(495,173,9),(496,173,1),(497,174,1),(498,175,7),(499,175,8),(500,175,5),(501,175,7),(502,176,5),(503,176,9),(504,176,4),(505,176,9),(506,176,9),(507,177,6),(508,177,3),(509,178,1),(510,178,6),(511,178,9),(512,178,9),(513,179,7),(514,179,7),(515,179,6),(516,179,3),(517,179,5),(518,180,6),(519,180,3),(520,181,1),(521,181,1),(522,181,3),(523,181,6),(524,182,7),(525,182,3),(526,183,8),(527,183,6),(528,184,4),(529,184,1),(530,184,5),(531,184,5),(532,185,3),(533,186,3),(534,186,8),(535,186,9),(536,186,9),(537,187,1),(538,187,6),(539,187,6),(540,187,6),(541,187,7),(542,187,3),(543,188,7),(544,188,3),(545,188,1),(546,188,7),(547,189,9),(548,189,9),(549,189,3),(550,189,5),(551,190,9),(552,190,3),(553,190,6),(554,191,3),(555,192,5),(556,192,9),(557,192,4),(558,193,4),(559,194,5),(560,194,8),(561,196,8),(562,197,6),(563,198,8),(564,198,9),(565,198,6),(566,198,1),(567,198,7),(568,199,8),(569,199,1),(570,200,5),(571,200,1),(572,200,8),(573,200,6),(574,201,6),(575,201,8),(576,201,7),(577,201,8),(578,201,1),(579,202,2),(580,202,1),(581,202,1),(582,202,9),(583,202,1),(584,202,1),(585,202,4),(586,203,8),(587,203,3),(588,204,9),(589,204,1),(590,204,5),(591,204,1),(592,204,8),(593,204,7),(594,205,3),(595,206,3),(596,206,7),(597,207,3),(598,207,7),(599,208,1),(600,209,5),(601,209,3),(602,209,8),(603,209,1),(604,209,1),(605,209,6),(606,209,3),(607,209,3),(608,210,9),(609,210,5),(610,210,9),(611,211,9),(612,211,1),(613,211,9),(614,211,8),(615,211,6),(616,212,3),(617,212,9),(618,212,9),(619,212,5),(620,212,5),(621,213,8),(622,213,7),(623,214,7),(624,214,7),(625,214,7),(626,214,9),(627,215,8),(628,215,3),(629,215,6),(630,215,9),(631,215,3),(632,215,6),(633,216,6),(634,216,3),(635,216,3),(636,216,8),(637,216,9),(638,216,7),(639,217,6),(640,217,7),(641,217,6),(642,218,5),(643,218,5),(644,218,4),(645,219,7),(646,219,9),(647,219,9),(648,220,9),(649,220,5),(650,220,9),(651,221,6),(652,221,3),(653,221,8),(654,222,7),(655,223,8),(656,223,7),(657,224,8),(658,224,6),(659,225,1),(660,225,6),(661,225,7),(662,226,1),(663,226,8),(664,226,3),(665,226,3),(666,227,9),(667,227,3),(668,227,7),(669,227,9),(670,228,3),(671,228,8),(672,228,1),(673,229,8),(674,229,1),(675,229,7),(676,230,1),(677,230,8),(678,230,5),(679,231,6),(680,231,9),(681,231,7),(682,232,8),(683,232,8),(684,232,8),(685,233,6),(686,233,5),(687,234,5),(688,235,8),(689,235,6),(690,235,1),(691,235,3),(692,235,9),(693,236,5),(694,236,8),(695,236,8),(696,236,9),(697,236,3),(698,237,9),(699,238,1),(700,238,5),(701,238,6),(702,239,7),(703,239,6),(704,239,7),(705,240,7),(706,240,9),(707,241,6),(708,241,8),(709,241,1),(710,241,1),(711,241,1),(712,241,6),(713,241,7),(714,241,5),(715,241,8),(716,242,7),(717,243,6),(718,243,1),(719,244,3),(720,244,6),(721,244,3),(722,244,7),(723,244,6),(724,244,9),(725,244,1),(726,244,3),(727,244,3),(728,245,7),(729,245,3),(730,245,8),(731,246,6),(732,247,6),(733,247,9),(734,248,8),(735,249,1),(736,249,9),(737,249,3),(738,250,7),(739,250,7),(740,250,8),(741,250,8),(742,250,8),(743,251,7),(744,251,5),(745,251,3),(746,251,8),(747,251,1),(748,251,7),(749,252,5),(750,253,2),(751,253,5),(752,253,5),(753,253,1),(754,253,1),(755,254,8),(756,254,3),(757,254,3),(758,254,3),(759,255,7),(760,255,7),(761,255,5),(762,255,3),(763,256,6),(764,256,8),(765,256,7),(766,257,6),(767,258,5),(768,258,6),(769,258,8),(770,259,7),(771,259,1),(772,259,3),(773,259,3),(774,260,9),(775,260,9),(776,260,1),(777,260,9),(778,260,1),(779,260,1),(780,261,6),(781,261,5),(782,261,5),(783,261,7),(784,261,5),(785,262,1),(786,262,8),(787,262,8),(788,262,1),(789,263,6),(790,263,7),(791,264,6),(792,264,1),(793,264,8),(794,265,1),(795,265,1),(796,266,8),(797,267,7),(798,267,7),(799,267,8),(800,267,9),(801,268,5),(802,268,1),(803,268,9),(804,268,6),(805,268,1),(806,268,7),(807,269,6),(808,269,9),(809,269,1),(810,271,7),(811,271,7),(812,271,1),(813,272,5),(814,272,1),(815,272,6),(816,272,8),(817,273,3),(818,273,6),(819,273,1),(820,273,9),(821,274,3),(822,274,7),(823,274,7),(824,274,6),(825,274,3),(826,275,7),(827,276,8),(828,276,7),(829,276,7),(830,276,1),(831,277,7),(832,277,8),(833,277,1),(834,277,7),(835,277,9),(836,278,3),(837,278,6),(838,279,6),(839,279,7),(840,280,9),(841,280,2),(842,280,2),(843,280,2),(844,280,1),(845,281,1),(846,282,5),(847,282,9),(848,282,6),(849,283,4),(850,283,9),(851,284,9),(852,284,6),(853,284,7),(854,285,7),(855,285,5),(856,286,3),(857,286,9),(858,286,5),(859,286,6),(860,286,6),(861,286,8),(862,287,1),(863,287,6),(864,288,3),(865,288,9),(866,288,1),(867,288,6),(868,288,5),(869,288,3),(870,289,2),(871,290,9),(872,290,9),(873,291,1),(874,291,6),(875,291,8),(876,291,6),(877,292,7),(878,292,6),(879,292,5),(880,293,1),(881,293,6),(882,293,1),(883,293,8),(884,294,3),(885,294,9),(886,294,1),(887,294,1),(888,295,1),(889,295,1),(890,295,9),(891,295,8),(892,295,7),(893,296,1),(894,297,7),(895,297,1),(896,298,9),(897,298,5),(898,298,5),(899,298,9),(900,298,1),(901,299,3),(902,299,8),(903,299,1),(904,300,5),(905,300,8),(906,300,6),(907,300,3),(908,301,8),(909,301,6),(910,301,7),(911,301,9),(912,301,3),(913,301,8),(914,302,8),(915,303,1),(916,303,2),(917,303,2),(918,304,1),(919,305,1),(920,306,1),(921,307,5),(922,307,3),(923,307,9),(924,308,5),(925,308,7),(926,308,9),(927,309,9),(928,311,6),(929,311,6),(930,311,6),(931,312,7),(932,312,8),(933,312,3),(934,312,9),(935,313,1),(936,313,4),(937,314,1),(938,314,9),(939,314,3),(940,314,5),(941,315,8),(942,315,8),(943,315,3),(944,316,6),(945,316,3),(946,316,9),(947,316,8),(948,316,1),(949,316,9),(950,317,8),(951,317,3),(952,317,9),(953,318,2),(954,318,5),(955,318,2),(956,319,1),(957,319,5),(958,319,5),(959,320,1),(960,320,8),(961,320,8),(962,320,9),(963,320,7),(964,320,6),(965,321,2),(966,321,4),(967,321,4),(968,322,1),(969,323,7),(970,323,9),(971,324,6),(972,324,1),(973,324,6),(974,324,8),(975,326,5),(976,326,3),(977,326,7),(978,326,1),(979,326,9),(980,327,1),(981,327,7),(982,328,3),(983,329,4),(984,329,1),(985,330,3),(986,330,8),(987,331,8),(988,332,9),(989,332,1),(990,332,1),(991,333,7),(992,333,3),(993,333,7),(994,333,1),(995,333,1),(996,333,6),(997,333,5),(998,334,7),(999,334,3),(1000,335,7),(1001,336,7),(1002,336,5),(1003,336,6),(1004,336,9),(1005,336,3),(1006,337,1),(1007,337,3),(1008,337,6),(1009,338,5),(1010,339,5),(1011,339,9),(1012,339,8),(1013,340,2),(1014,340,9),(1015,340,4),(1016,340,9),(1017,340,2),(1018,340,9),(1019,340,1),(1020,340,1),(1021,341,9),(1022,341,9),(1023,342,8),(1024,342,6),(1025,342,8),(1026,342,5),(1027,342,5),(1028,342,7),(1029,343,5),(1030,343,6),(1031,343,1),(1032,343,6),(1033,344,9),(1034,346,8),(1035,347,8),(1036,347,1),(1037,347,1),(1038,347,8),(1039,347,7),(1040,348,9),(1041,348,1),(1042,348,8),(1043,348,6),(1044,349,9),(1045,349,9),(1046,349,3),(1047,350,7),(1048,350,3),(1049,351,3),(1050,351,3),(1051,351,1),(1052,351,3),(1053,351,3),(1054,351,1),(1055,352,1),(1056,353,2),(1057,353,5),(1058,354,7),(1059,354,1),(1060,354,1),(1061,354,3),(1062,356,2),(1063,356,9),(1064,356,5),(1065,356,4),(1066,357,7),(1067,357,8),(1068,357,9),(1069,357,5),(1070,357,5),(1071,358,8),(1072,358,8),(1073,358,6),(1074,359,6),(1075,359,1),(1076,359,8),(1077,361,7),(1078,362,1),(1079,362,9),(1080,364,8),(1081,364,3),(1082,364,8),(1083,365,4),(1084,365,4),(1085,365,5),(1086,365,2),(1087,365,9),(1088,366,1),(1089,366,5),(1090,366,1),(1091,367,8),(1092,367,1),(1093,368,3),(1094,368,6),(1095,369,1),(1096,370,5),(1097,370,1),(1098,370,3),(1099,371,8),(1100,371,1),(1101,371,1),(1102,373,5),(1103,374,7),(1104,374,8),(1105,375,9),(1106,375,6),(1107,375,5),(1108,376,5),(1109,376,7),(1110,376,3),(1111,377,6),(1112,377,1),(1113,378,8),(1114,378,6),(1115,378,3),(1116,379,8),(1117,379,7),(1118,379,7),(1119,379,5),(1120,379,1),(1121,380,6),(1122,381,6),(1123,382,3),(1124,382,3),(1125,382,7),(1126,382,3),(1127,383,5),(1128,383,4),(1129,383,1),(1130,383,4),(1131,383,1),(1132,383,4),(1133,383,5),(1134,384,7),(1135,384,9),(1136,385,3),(1137,385,6),(1138,385,3),(1139,385,9),(1140,386,9),(1141,386,1),(1142,387,7),(1143,387,6),(1144,387,3),(1145,388,3),(1146,388,6),(1147,390,5),(1148,391,9),(1149,391,1),(1150,392,8),(1151,392,5),(1152,392,8),(1153,392,5),(1154,393,8),(1155,393,5),(1156,393,9),(1157,393,5),(1158,393,1),(1159,394,2),(1160,395,9),(1161,395,3),(1162,396,5),(1163,396,1),(1164,396,9),(1165,397,5),(1166,397,5),(1167,397,7),(1168,399,5),(1169,400,2),(1170,400,1),(1171,400,4),(1172,402,8),(1173,402,7),(1174,402,8),(1175,402,6),(1176,403,5),(1177,403,3),(1178,403,6),(1179,403,7),(1180,404,1),(1181,404,9),(1182,404,9),(1183,404,9),(1184,404,6),(1185,404,1),(1186,405,7),(1187,405,5),(1188,405,6),(1189,405,3),(1190,406,5),(1191,406,5),(1192,407,7),(1193,407,1),(1194,407,1),(1195,408,6),(1196,408,7),(1197,408,6),(1198,409,4),(1199,409,1),(1200,409,9),(1201,410,2),(1202,410,2),(1203,410,5),(1204,410,1),(1205,410,4),(1206,411,9),(1207,411,7),(1208,411,5),(1209,412,7),(1210,412,3),(1211,412,9),(1212,412,1),(1213,413,9),(1214,413,8),(1215,413,3),(1216,413,1),(1217,413,7),(1218,413,9),(1219,414,3),(1220,414,8),(1221,414,9),(1222,414,6),(1223,414,9),(1224,415,4),(1225,416,4),(1226,416,4),(1227,416,1),(1228,416,4),(1229,416,4),(1230,417,5),(1231,417,3),(1232,417,1),(1233,417,9),(1234,418,4),(1235,419,5),(1236,419,9),(1237,420,4),(1238,420,9),(1239,420,5),(1240,420,1),(1241,421,1),(1242,421,9),(1243,422,5),(1244,422,9),(1245,422,7),(1246,422,3),(1247,424,6),(1248,424,5),(1249,424,3),(1250,424,6),(1251,425,6),(1252,425,9),(1253,425,5),(1254,425,9),(1255,426,8),(1256,426,7),(1257,426,3),(1258,427,7),(1259,427,7),(1260,427,1),(1261,428,9),(1262,428,8),(1263,428,1),(1264,429,5),(1265,429,6),(1266,430,6),(1267,430,3),(1268,431,1),(1269,431,6),(1270,431,7),(1271,431,5),(1272,432,6),(1273,432,1),(1274,433,3),(1275,433,9),(1276,433,6),(1277,434,6),(1278,434,8),(1279,434,6),(1280,435,3),(1281,435,1),(1282,435,1),(1283,436,3),(1284,436,5),(1285,437,3),(1286,437,7),(1287,438,3),(1288,438,6),(1289,439,8),(1290,439,9),(1291,439,3),(1292,440,1),(1293,440,1),(1294,440,7),(1295,441,9),(1296,442,5),(1297,443,1),(1298,443,6),(1299,444,1),(1300,444,3),(1301,444,8),(1302,444,5),(1303,444,3),(1304,445,4),(1305,445,9),(1306,445,2),(1307,445,1),(1308,445,9),(1309,445,4),(1310,446,5),(1311,446,5),(1312,446,3),(1313,447,7),(1314,447,9),(1315,447,7),(1316,447,5),(1317,448,1),(1318,448,5),(1319,448,9),(1320,448,9),(1321,449,7),(1322,449,3),(1323,450,6),(1324,450,7),(1325,450,8),(1326,450,6),(1327,450,7),(1328,450,1),(1329,451,9),(1330,451,6),(1331,451,3),(1332,451,1),(1333,451,6),(1334,452,9),(1335,452,9),(1336,452,5),(1337,452,6),(1338,453,8),(1339,453,6),(1340,453,1),(1341,453,6),(1342,453,1),(1343,454,1),(1344,454,9),(1345,455,8),(1346,455,8),(1347,455,8),(1348,455,1),(1349,455,6),(1350,456,1),(1351,456,9),(1352,456,9),(1353,456,1),(1354,456,3),(1355,456,5),(1356,456,5),(1357,457,3),(1358,457,6),(1359,457,6),(1360,458,7),(1361,459,8),(1362,459,6),(1363,459,1),(1364,459,6),(1365,459,7),(1366,459,1),(1367,460,1),(1368,460,6),(1369,460,7),(1370,461,1),(1371,463,1),(1372,463,1),(1373,463,1),(1374,463,4),(1375,464,8),(1376,464,9),(1377,465,6),(1378,465,9),(1379,466,8),(1380,467,5),(1381,467,3),(1382,468,1),(1383,468,4),(1384,468,5),(1385,468,9),(1386,468,9),(1387,468,4),(1388,469,8),(1389,469,7),(1390,469,7),(1391,469,9),(1392,469,5),(1393,469,8),(1394,469,9),(1395,469,6),(1396,470,7),(1397,470,3),(1398,470,7),(1399,470,1),(1400,471,1),(1401,472,1),(1402,472,3),(1403,472,1),(1404,473,5),(1405,473,8),(1406,473,6),(1407,473,9),(1408,474,9),(1409,474,1),(1410,474,5),(1411,474,1),(1412,474,1),(1413,475,6),(1414,476,1),(1415,476,7),(1416,476,9),(1417,476,5),(1418,476,8),(1419,477,3),(1420,477,5),(1421,478,1),(1422,478,4),(1423,479,9),(1424,479,3),(1425,480,5),(1426,480,6),(1427,481,8),(1428,481,1),(1429,482,9),(1430,482,5),(1431,483,9),(1432,483,8),(1433,483,7),(1434,484,8),(1435,484,7),(1436,484,9),(1437,484,5),(1438,485,8),(1439,486,7),(1440,486,6),(1441,487,6),(1442,487,6),(1443,487,8),(1444,487,1),(1445,487,1),(1446,488,5),(1447,489,6),(1448,489,6),(1449,490,6),(1450,490,8),(1451,490,6),(1452,491,3),(1453,491,3),(1454,491,5),(1455,491,6),(1456,492,5),(1457,492,7),(1458,492,1),(1459,494,4),(1460,494,5),(1461,494,5),(1462,494,4),(1463,494,9),(1464,495,8),(1465,495,1),(1466,495,8),(1467,495,3),(1468,495,5),(1469,496,9),(1470,496,1),(1471,496,3),(1472,496,7),(1473,496,6),(1474,497,5),(1475,498,9),(1476,499,6),(1477,499,1),(1478,499,5),(1479,499,7),(1480,500,6),(1481,500,7),(1482,500,5),(1483,501,5),(1484,501,5),(1485,501,5),(1486,501,3),(1487,501,8),(1488,502,8),(1489,502,9),(1490,502,5),(1491,502,3),(1492,502,8),(1493,502,8),(1494,502,8),(1495,503,9),(1496,503,7),(1497,503,6),(1498,503,7),(1499,504,5),(1500,504,1),(1501,504,1),(1502,504,4),(1503,505,3),(1504,506,5),(1505,506,3),(1506,506,9),(1507,506,5),(1508,507,3),(1509,508,9),(1510,508,1),(1511,508,5),(1512,509,6),(1513,509,7),(1514,510,3),(1515,511,9),(1516,511,7),(1517,511,5),(1518,512,7),(1519,512,5),(1520,513,6),(1521,513,9),(1522,514,9),(1523,514,5),(1524,514,8),(1525,514,9),(1526,514,7),(1527,514,1),(1528,515,2),(1529,515,5),(1530,516,5),(1531,516,1),(1532,516,8),(1533,517,7),(1534,517,7),(1535,517,5),(1536,517,9),(1537,518,6),(1538,518,3),(1539,519,3),(1540,519,8),(1541,519,3),(1542,520,8),(1543,520,3),(1544,521,8),(1545,522,8),(1546,522,7),(1547,523,5),(1548,523,3),(1549,524,3),(1550,524,6),(1551,524,7),(1552,525,7),(1553,526,3),(1554,526,9),(1555,526,7),(1556,526,3),(1557,526,5),(1558,528,1),(1559,528,7),(1560,528,9),(1561,529,6),(1562,530,1),(1563,530,1),(1564,530,2),(1565,530,1),(1566,530,1),(1567,530,9),(1568,532,1),(1569,532,5),(1570,532,9),(1571,532,1),(1572,533,6),(1573,533,9),(1574,533,9),(1575,533,8),(1576,533,9),(1577,533,6),(1578,534,1),(1579,534,8),(1580,534,7),(1581,535,8),(1582,535,1),(1583,536,8),(1584,536,1),(1585,536,1),(1586,537,5),(1587,538,5),(1588,538,7),(1589,538,9),(1590,538,9),(1591,538,5),(1592,538,1),(1593,539,6),(1594,539,5),(1595,539,7),(1596,539,8),(1597,540,1),(1598,540,9),(1599,540,5),(1600,540,6),(1601,540,6),(1602,541,2),(1603,541,4),(1604,541,9),(1605,541,1),(1606,543,9),(1607,543,3),(1608,543,5),(1609,543,8),(1610,543,6),(1611,544,8),(1612,544,9),(1613,544,9),(1614,545,1),(1615,545,5),(1616,545,7),(1617,545,7),(1618,545,1),(1619,546,5),(1620,547,7),(1621,547,7),(1622,547,8),(1623,547,5),(1624,547,5),(1625,548,5),(1626,548,3),(1627,548,3),(1628,548,7),(1629,549,8),(1630,549,6),(1631,550,6),(1632,550,3),(1633,551,3),(1634,551,3),(1635,552,6),(1636,552,3),(1637,552,6),(1638,553,2),(1639,553,4),(1640,553,5),(1641,554,1),(1642,554,8),(1643,554,7),(1644,554,1),(1645,555,4),(1646,555,2),(1647,555,2),(1648,555,5),(1649,555,5),(1650,556,3),(1651,556,8),(1652,556,9),(1653,557,9),(1654,557,8),(1655,557,7),(1656,557,7),(1657,558,7),(1658,558,1),(1659,558,3),(1660,558,3),(1661,558,8),(1662,558,5),(1663,558,8),(1664,559,6),(1665,560,1),(1666,560,8),(1667,560,5),(1668,561,9),(1669,561,9),(1670,562,6),(1671,563,5),(1672,563,6),(1673,563,7),(1674,563,3),(1675,564,9),(1676,565,6),(1677,565,8),(1678,565,6),(1679,565,7),(1680,566,7),(1681,566,9),(1682,566,7),(1683,566,5),(1684,566,5),(1685,566,8),(1686,566,8),(1687,566,9),(1688,567,2),(1689,567,5),(1690,567,5),(1691,568,5),(1692,568,9),(1693,568,6),(1694,569,1),(1695,569,8),(1696,569,8),(1697,569,6),(1698,569,9),(1699,569,9),(1700,569,3),(1701,570,9),(1702,570,8),(1703,570,7),(1704,570,6),(1705,570,8),(1706,570,9),(1707,570,9),(1708,571,9),(1709,571,3),(1710,571,1),(1711,571,7),(1712,572,9),(1713,572,9),(1714,573,5),(1715,573,3),(1716,573,3),(1717,574,2),(1718,574,2),(1719,574,2),(1720,574,2),(1721,578,5),(1722,578,6),(1723,578,8),(1724,578,9),(1725,579,6),(1726,579,6),(1727,579,1),(1728,580,3),(1729,580,9),(1730,580,8),(1731,580,3),(1732,580,6),(1733,581,1),(1734,581,1),(1735,581,9),(1736,581,1),(1737,582,2),(1738,582,2),(1739,582,9),(1740,582,1),(1741,582,5),(1742,583,1),(1743,583,8),(1744,583,8),(1745,583,9),(1746,583,6),(1747,583,8),(1748,583,9),(1749,584,1),(1750,584,8),(1751,584,6),(1752,585,6),(1753,586,5),(1754,586,3),(1755,586,5),(1756,587,2),(1757,588,7),(1758,589,9),(1759,589,7),(1760,589,6),(1761,589,8),(1762,589,8),(1763,589,3),(1764,590,9),(1765,590,8),(1766,590,3),(1767,590,6),(1768,590,7),(1769,590,3),(1770,590,6),(1771,591,9),(1772,591,8),(1773,591,8),(1774,592,1),(1775,592,3),(1776,592,6),(1777,592,1),(1778,592,8),(1779,592,9),(1780,593,2),(1781,593,5),(1782,594,8),(1783,594,6),(1784,594,8),(1785,594,7),(1786,594,6),(1787,595,6),(1788,595,9),(1789,595,3),(1790,595,9),(1791,595,7),(1792,596,6),(1793,596,9),(1794,597,8),(1795,598,6),(1796,598,1),(1797,598,1),(1798,598,8),(1799,598,9),(1800,599,2),(1801,599,9),(1802,599,9),(1803,600,1),(1804,600,3),(1805,600,7),(1806,600,3),(1807,600,1),(1808,601,2),(1809,601,5),(1810,601,4),(1811,602,5),(1812,602,5),(1813,602,8),(1814,602,1),(1815,603,2),(1816,604,5),(1817,604,7),(1818,605,3),(1819,605,5),(1820,605,8),(1821,606,1),(1822,607,9),(1823,607,6),(1824,608,3),(1825,608,5),(1826,608,6),(1827,609,5),(1828,609,8),(1829,609,6),(1830,609,9),(1831,609,8),(1832,610,6),(1833,610,9),(1834,610,9),(1835,611,9),(1836,611,1),(1837,612,9),(1838,612,6),(1839,612,7),(1840,613,5),(1841,613,6),(1842,614,7),(1843,614,9),(1844,614,6),(1845,614,8),(1846,615,9),(1847,616,1),(1848,616,6),(1849,616,1),(1850,616,3),(1851,617,3),(1852,617,6),(1853,618,2),(1854,618,5),(1855,620,5),(1856,620,8),(1857,620,9),(1858,620,1),(1859,620,1),(1860,620,3),(1861,620,8),(1862,621,1),(1863,622,6),(1864,622,8),(1865,622,8),(1866,623,8),(1867,623,3),(1868,623,7),(1869,623,6),(1870,623,5),(1871,624,6),(1872,624,9),(1873,624,7),(1874,625,8),(1875,625,6),(1876,626,1),(1877,626,1),(1878,626,1),(1879,627,9),(1880,628,3),(1881,628,5),(1882,628,9),(1883,629,9),(1884,630,8),(1885,630,3),(1886,630,6),(1887,630,9),(1888,631,9),(1889,631,2),(1890,631,9),(1891,631,5),(1892,632,1),(1893,632,6),(1894,633,3),(1895,633,1),(1896,634,9),(1897,635,8),(1898,635,1),(1899,635,1),(1900,635,3),(1901,636,8),(1902,636,7),(1903,636,1),(1904,637,7),(1905,637,6),(1906,637,9),(1907,637,3),(1908,637,8),(1909,637,7),(1910,637,3),(1911,637,5),(1912,638,3),(1913,638,5),(1914,638,9),(1915,638,9),(1916,639,9),(1917,639,6),(1918,640,6),(1919,641,1),(1920,641,7),(1921,641,9),(1922,641,9),(1923,641,7),(1924,642,1),(1925,643,3),(1926,644,6),(1927,644,3),(1928,645,2),(1929,645,5),(1930,646,3),(1931,646,1),(1932,646,9),(1933,647,7),(1934,647,7),(1935,647,7),(1936,648,8),(1937,648,3),(1938,648,8),(1939,648,3),(1940,648,1),(1941,649,1),(1942,649,3),(1943,649,8),(1944,650,3),(1945,651,1),(1946,651,9),(1947,651,1),(1948,651,8),(1949,651,7),(1950,652,1),(1951,652,3),(1952,652,8),(1953,652,7),(1954,653,1),(1955,653,6),(1956,654,1),(1957,654,9),(1958,654,5),(1959,654,5),(1960,654,5),(1961,655,9),(1962,655,5),(1963,655,8),(1964,656,7),(1965,657,5),(1966,657,7),(1967,658,9),(1968,659,1),(1969,659,3),(1970,659,3),(1971,659,8),(1972,660,8),(1973,660,1),(1974,660,7),(1975,661,9),(1976,661,6),(1977,661,3),(1978,661,6),(1979,662,5),(1980,662,6),(1981,662,7),(1982,663,5),(1983,663,6),(1984,664,6),(1985,664,7),(1986,665,5),(1987,665,5),(1988,665,9),(1989,666,7),(1990,666,7),(1991,666,9),(1992,666,9),(1993,667,6),(1994,667,8),(1995,668,9),(1996,668,5),(1997,669,8),(1998,669,6),(1999,669,5),(2000,669,1),(2001,670,2),(2002,670,9),(2003,670,4),(2004,672,7),(2005,672,8),(2006,673,8),(2007,673,1),(2008,673,6),(2009,674,6),(2010,674,9),(2011,674,6),(2012,674,7),(2013,674,7),(2014,675,9),(2015,675,2),(2016,675,2),(2017,676,1),(2018,676,8),(2019,676,7),(2020,677,5),(2021,677,6),(2022,677,7),(2023,677,8),(2024,678,9),(2025,678,5),(2026,678,9),(2027,678,5),(2028,679,1),(2029,679,3),(2030,679,8),(2031,680,9),(2032,680,5),(2033,680,5),(2034,680,5),(2035,681,2),(2036,681,5),(2037,682,6),(2038,683,5),(2039,683,1),(2040,683,3),(2041,684,1),(2042,684,4),(2043,685,6),(2044,685,8),(2045,685,5),(2046,686,9),(2047,686,8),(2048,686,9),(2049,687,8),(2050,687,3),(2051,688,5),(2052,689,1),(2053,689,5),(2054,689,5),(2055,689,9),(2056,689,2),(2057,689,2),(2058,689,4),(2059,690,1),(2060,690,8),(2061,690,3),(2062,690,6),(2063,690,5),(2064,690,1),(2065,690,6),(2066,691,5),(2067,691,5),(2068,691,1),(2069,691,9),(2070,691,6),(2071,692,1),(2072,692,9),(2073,692,8),(2074,692,1),(2075,693,1),(2076,693,8),(2077,693,1),(2078,693,8),(2079,693,8),(2080,694,5),(2081,694,5),(2082,694,9),(2083,694,6),(2084,695,1),(2085,695,4),(2086,695,4),(2087,695,2),(2088,696,8),(2089,696,7),(2090,697,7),(2091,697,6),(2092,697,3),(2093,697,6),(2094,697,6),(2095,697,8),(2096,698,3),(2097,698,5),(2098,698,6),(2099,699,1),(2100,699,9),(2101,699,8),(2102,699,7),(2103,699,3),(2104,700,8),(2105,700,8),(2106,700,3),(2107,700,7),(2108,701,2),(2109,701,5),(2110,701,1),(2111,701,5),(2112,702,3),(2113,702,8),(2114,702,6),(2115,702,1),(2116,703,3),(2117,703,8),(2118,703,7),(2119,703,7),(2120,704,1),(2121,705,3),(2122,705,7),(2123,706,1),(2124,706,6),(2125,706,8),(2126,706,8),(2127,706,3),(2128,707,9),(2129,708,9),(2130,708,9),(2131,709,3),(2132,709,3),(2133,710,1),(2134,710,5),(2135,710,3),(2136,711,7),(2137,712,6),(2138,713,7),(2139,713,6),(2140,714,5),(2141,714,5),(2142,715,7),(2143,715,7),(2144,715,6),(2145,715,1),(2146,716,5),(2147,716,9),(2148,717,1),(2149,718,9),(2150,718,1),(2151,718,1),(2152,719,8),(2153,719,9),(2154,719,3),(2155,720,4),(2156,721,3),(2157,721,7),(2158,721,3),(2159,721,8),(2160,721,3),(2161,722,8),(2162,722,7),(2163,722,9),(2164,722,6),(2165,723,4),(2166,723,9),(2167,724,1),(2168,724,6),(2169,725,1),(2170,725,9),(2171,725,6),(2172,726,9),(2173,727,6),(2174,727,5),(2175,727,6),(2176,727,7),(2177,727,6),(2178,728,1),(2179,728,5),(2180,729,3),(2181,729,6),(2182,729,6),(2183,730,5),(2184,730,3),(2185,730,7),(2186,731,5),(2187,731,7),(2188,732,7),(2189,732,5),(2190,733,6),(2191,733,5),(2192,734,3),(2193,734,7),(2194,734,7),(2195,734,9),(2196,734,3),(2197,734,8),(2198,735,9),(2199,735,2),(2200,735,1),(2201,736,5),(2202,736,4),(2203,737,8),(2204,737,8),(2205,738,9),(2206,738,7),(2207,739,1),(2208,739,1),(2209,739,9),(2210,740,7),(2211,740,5),(2212,741,5),(2213,741,7),(2214,742,3),(2215,742,8),(2216,743,3),(2217,743,9),(2218,743,3),(2219,743,3),(2220,744,7),(2221,744,3),(2222,744,9),(2223,744,1),(2224,744,6),(2225,745,6),(2226,745,7),(2227,745,3),(2228,746,3),(2229,746,6),(2230,746,9),(2231,746,1),(2232,747,9),(2233,747,2),(2234,747,2),(2235,747,9),(2236,748,5),(2237,748,7),(2238,748,9),(2239,748,1),(2240,749,6),(2241,749,5),(2242,749,7),(2243,749,6),(2244,750,7),(2245,750,8),(2246,750,5),(2247,751,3),(2248,752,9),(2249,752,1),(2250,752,4),(2251,752,9),(2252,753,3),(2253,753,1),(2254,753,8),(2255,753,7),(2256,753,6),(2257,754,8),(2258,754,5),(2259,754,5),(2260,755,5),(2261,755,5),(2262,756,7),(2263,756,9),(2264,756,3),(2265,756,6),(2266,756,3),(2267,757,5),(2268,757,3),(2269,757,1),(2270,757,3),(2271,757,9),(2272,757,9),(2273,758,8),(2274,758,9),(2275,758,1),(2276,758,7),(2277,758,9),(2278,760,3),(2279,760,5),(2280,761,5),(2281,762,5),(2282,762,5),(2283,762,5),(2284,762,7),(2285,763,1),(2286,764,1),(2287,764,8),(2288,765,2),(2289,766,7),(2290,766,1),(2291,766,1),(2292,767,7),(2293,767,7),(2294,767,3),(2295,768,6),(2296,768,5),(2297,768,7),(2298,768,3),(2299,769,7),(2300,769,9),(2301,769,5),(2302,771,1),(2303,771,8),(2304,772,5),(2305,772,8),(2306,773,6),(2307,773,7),(2308,774,8),(2309,774,5),(2310,774,9),(2311,774,7),(2312,774,5),(2313,774,9),(2314,775,7),(2315,775,8),(2316,775,1),(2317,776,2),(2318,776,5),(2319,776,5),(2320,777,6),(2321,777,7),(2322,777,1),(2323,777,6),(2324,777,5),(2325,777,5),(2326,778,9),(2327,778,6),(2328,778,3),(2329,778,7),(2330,779,2),(2331,779,1),(2332,779,4),(2333,779,2),(2334,780,6),(2335,780,6),(2336,780,9),(2337,781,8),(2338,781,6),(2339,782,6),(2340,782,1),(2341,782,7),(2342,782,6),(2343,782,8),(2344,782,6),(2345,783,5),(2346,783,5),(2347,783,9),(2348,784,9),(2349,784,5),(2350,784,9),(2351,785,1),(2352,785,9),(2353,785,9),(2354,785,4),(2355,786,6),(2356,786,5),(2357,786,6),(2358,786,8),(2359,786,6),(2360,787,6),(2361,788,1),(2362,789,5),(2363,789,1),(2364,790,8),(2365,790,6),(2366,790,9),(2367,790,3),(2368,791,1),(2369,791,8),(2370,791,5),(2371,793,9),(2372,794,3),(2373,794,3),(2374,795,5),(2375,795,1),(2376,795,4),(2377,795,1),(2378,795,4),(2379,795,2),(2380,795,2),(2381,795,9),(2382,795,4),(2383,796,3),(2384,797,6),(2385,798,6),(2386,798,3),(2387,798,3),(2388,798,1),(2389,798,1),(2390,799,6),(2391,800,5),(2392,800,7),(2393,800,7),(2394,800,3),(2395,801,4),(2396,801,2),(2397,802,3),(2398,802,9),(2399,803,6),(2400,803,6),(2401,803,6),(2402,803,3),(2403,803,7),(2404,804,3),(2405,804,7),(2406,805,9),(2407,805,8),(2408,805,6),(2409,806,4),(2410,806,1),(2411,806,2),(2412,807,5),(2413,807,4),(2414,807,2),(2415,807,9),(2416,807,9),(2417,808,3),(2418,809,3),(2419,810,7),(2420,811,6),(2421,812,6),(2422,812,7),(2423,812,1),(2424,812,7),(2425,813,3),(2426,814,5),(2427,814,5),(2428,814,1),(2429,814,9),(2430,815,3),(2431,815,6),(2432,815,7),(2433,816,5),(2434,816,5),(2435,816,2),(2436,816,4),(2437,817,1),(2438,817,3),(2439,817,5),(2440,817,6),(2441,817,9),(2442,817,6),(2443,819,1),(2444,820,7),(2445,820,8),(2446,821,8),(2447,822,7),(2448,822,6),(2449,822,7),(2450,823,3),(2451,823,6),(2452,824,7),(2453,824,6),(2454,824,8),(2455,824,5),(2456,825,7),(2457,825,5),(2458,825,3),(2459,826,1),(2460,826,9),(2461,826,5),(2462,827,6),(2463,827,6),(2464,827,7),(2465,828,1),(2466,828,7),(2467,828,3),(2468,829,8),(2469,829,8),(2470,830,9),(2471,830,9),(2472,831,9),(2473,832,7),(2474,832,3),(2475,832,9),(2476,832,3),(2477,832,8),(2478,832,5),(2479,833,1),(2480,833,5),(2481,833,8),(2482,833,6),(2483,834,6),(2484,834,1),(2485,834,3),(2486,835,1),(2487,835,5),(2488,835,9),(2489,835,5),(2490,837,9),(2491,837,4),(2492,837,5),(2493,837,1),(2494,838,6),(2495,839,6),(2496,839,6),(2497,839,9),(2498,839,6),(2499,840,5),(2500,840,8),(2501,840,1),(2502,840,9),(2503,840,7),(2504,841,1),(2505,841,7),(2506,841,3),(2507,842,7),(2508,843,1),(2509,844,5),(2510,844,9),(2511,844,9),(2512,846,9),(2513,846,3),(2514,846,9),(2515,846,9),(2516,847,3),(2517,847,6),(2518,849,1),(2519,849,6),(2520,849,6),(2521,850,5),(2522,850,7),(2523,850,7),(2524,851,5),(2525,851,1),(2526,851,9),(2527,851,2),(2528,852,8),(2529,852,3),(2530,852,1),(2531,853,3),(2532,853,9),(2533,854,1),(2534,854,3),(2535,854,7),(2536,855,2),(2537,855,4),(2538,855,1),(2539,855,2),(2540,856,6),(2541,857,9),(2542,857,5),(2543,857,3),(2544,857,7),(2545,858,1),(2546,858,8),(2547,858,8),(2548,858,6),(2549,858,9),(2550,859,7),(2551,859,8),(2552,859,3),(2553,860,8),(2554,860,1),(2555,860,7),(2556,860,5),(2557,861,6),(2558,861,8),(2559,861,5),(2560,861,7),(2561,861,1),(2562,861,7),(2563,862,1),(2564,862,7),(2565,862,8),(2566,862,6),(2567,863,8),(2568,863,8),(2569,864,7),(2570,864,9),(2571,864,5),(2572,865,8),(2573,865,5),(2574,865,6),(2575,865,8),(2576,865,1),(2577,866,7),(2578,866,1),(2579,866,7),(2580,867,1),(2581,867,7),(2582,867,1),(2583,867,5),(2584,868,8),(2585,868,3),(2586,868,7),(2587,868,8),(2588,868,9),(2589,868,3),(2590,868,9),(2591,869,7),(2592,869,8),(2593,869,7),(2594,869,7),(2595,870,5),(2596,870,5),(2597,870,3),(2598,870,6),(2599,871,9),(2600,871,9),(2601,871,3),(2602,871,9),(2603,871,7),(2604,872,1),(2605,872,1),(2606,873,9),(2607,873,5),(2608,874,6),(2609,874,3),(2610,874,1),(2611,875,7),(2612,875,5),(2613,876,3),(2614,876,1),(2615,876,1),(2616,876,1),(2617,876,6),(2618,876,6),(2619,877,6),(2620,877,1),(2621,877,3),(2622,877,1),(2623,878,3),(2624,878,5),(2625,879,9),(2626,879,8),(2627,879,9),(2628,880,9),(2629,880,5),(2630,880,9),(2631,880,8),(2632,881,1),(2633,881,1),(2634,881,7),(2635,882,9),(2636,882,9),(2637,882,9),(2638,882,5),(2639,882,5),(2640,882,5),(2641,884,9),(2642,884,1),(2643,884,5),(2644,885,3),(2645,885,5),(2646,885,8),(2647,886,9),(2648,886,2),(2649,887,5),(2650,887,9),(2651,887,5),(2652,887,7),(2653,887,9),(2654,888,9),(2655,888,5),(2656,888,7),(2657,888,1),(2658,888,9),(2659,889,1),(2660,889,1),(2661,889,6),(2662,889,3),(2663,889,8),(2664,890,7),(2665,890,8),(2666,890,9),(2667,890,5),(2668,890,5),(2669,890,1),(2670,891,1),(2671,891,5),(2672,891,9),(2673,893,7),(2674,893,5),(2675,893,9),(2676,893,9),(2677,894,2),(2678,896,9),(2679,896,7),(2680,897,1),(2681,897,4),(2682,898,9),(2683,898,3),(2684,898,7),(2685,898,6),(2686,900,7),(2687,901,3),(2688,901,1),(2689,901,7),(2690,902,5),(2691,902,9),(2692,902,3),(2693,902,3),(2694,902,7),(2695,902,7),(2696,903,7),(2697,903,9),(2698,903,7),(2699,904,8),(2700,904,3),(2701,904,1),(2702,904,3),(2703,904,3),(2704,904,7),(2705,904,1),(2706,905,1),(2707,905,9),(2708,905,4),(2709,906,7),(2710,906,7),(2711,906,9),(2712,907,7),(2713,907,5),(2714,908,8),(2715,908,3),(2716,908,3),(2717,908,1),(2718,908,3),(2719,910,1),(2720,910,9),(2721,911,6),(2722,912,6),(2723,913,5),(2724,913,7),(2725,913,7),(2726,914,9),(2727,914,9),(2728,914,2),(2729,915,6),(2730,916,9),(2731,916,9),(2732,916,1),(2733,917,4),(2734,917,2),(2735,917,5),(2736,918,9),(2737,918,1),(2738,918,6),(2739,918,9),(2740,918,7),(2741,918,5),(2742,918,3),(2743,918,3),(2744,919,1),(2745,919,7),(2746,919,9),(2747,920,2),(2748,920,4),(2749,922,6),(2750,922,6),(2751,922,1),(2752,922,9),(2753,922,5),(2754,923,8),(2755,923,1),(2756,924,5),(2757,924,9),(2758,924,1),(2759,924,5),(2760,924,5),(2761,924,9),(2762,924,6),(2763,925,3),(2764,925,3),(2765,925,9),(2766,925,6),(2767,926,1),(2768,926,7),(2769,926,7),(2770,927,6),(2771,927,5),(2772,928,6),(2773,928,1),(2774,928,6),(2775,928,8),(2776,929,6),(2777,929,5),(2778,930,9),(2779,930,6),(2780,930,7),(2781,930,3),(2782,931,7),(2783,931,3),(2784,932,3),(2785,933,3),(2786,933,5),(2787,933,6),(2788,934,9),(2789,934,9),(2790,935,7),(2791,935,5),(2792,935,6),(2793,935,8),(2794,935,8),(2795,936,3),(2796,936,6),(2797,937,6),(2798,937,8),(2799,938,1),(2800,938,4),(2801,938,4),(2802,939,5),(2803,939,6),(2804,939,5),(2805,940,5),(2806,940,3),(2807,940,1),(2808,940,8),(2809,941,5),(2810,941,9),(2811,941,3),(2812,941,8),(2813,941,7),(2814,941,8),(2815,942,1),(2816,944,5),(2817,944,6),(2818,945,7),(2819,945,8),(2820,945,6),(2821,945,6),(2822,946,5),(2823,946,9),(2824,946,5),(2825,947,1),(2826,947,8),(2827,948,4),(2828,948,4),(2829,948,2),(2830,948,9),(2831,948,5),(2832,949,9),(2833,950,9),(2834,950,3),(2835,950,1),(2836,950,8),(2837,950,7),(2838,951,6),(2839,951,8),(2840,952,5),(2841,952,1),(2842,952,2),(2843,953,3),(2844,953,3),(2845,953,3),(2846,953,1),(2847,954,1),(2848,954,2),(2849,954,1),(2850,955,9),(2851,956,5),(2852,956,9),(2853,957,7),(2854,957,9),(2855,957,6),(2856,957,9),(2857,958,1),(2858,958,4),(2859,958,1),(2860,958,2),(2861,958,4),(2862,959,8),(2863,959,9),(2864,960,1),(2865,960,7),(2866,960,8),(2867,960,5),(2868,961,9),(2869,961,6),(2870,962,1),(2871,962,6),(2872,963,7),(2873,963,5),(2874,963,1),(2875,964,8),(2876,964,8),(2877,964,6),(2878,964,3),(2879,965,6),(2880,965,3),(2881,966,9),(2882,966,1),(2883,966,6),(2884,966,1),(2885,967,5),(2886,967,8),(2887,967,8),(2888,967,7),(2889,967,1),(2890,967,3),(2891,968,1),(2892,968,1),(2893,968,2),(2894,968,2),(2895,969,1),(2896,971,3),(2897,971,3),(2898,972,3),(2899,972,7),(2900,972,1),(2901,972,9),(2902,973,7),(2903,973,7),(2904,973,8),(2905,973,8),(2906,974,3),(2907,974,5),(2908,975,8),(2909,975,9),(2910,975,5),(2911,975,5),(2912,976,1),(2913,976,7),(2914,977,9),(2915,977,7),(2916,977,1),(2917,977,8),(2918,978,9),(2919,978,5),(2920,978,7),(2921,978,9),(2922,979,6),(2923,979,9),(2924,979,6),(2925,979,1),(2926,979,7),(2927,979,1),(2928,980,3),(2929,981,4),(2930,981,5),(2931,981,2),(2932,982,7),(2933,982,6),(2934,982,5),(2935,982,1),(2936,982,6),(2937,983,1),(2938,983,9),(2939,983,1),(2940,984,5),(2941,985,1),(2942,985,1),(2943,986,9),(2944,986,4),(2945,986,2),(2946,986,1),(2947,987,9),(2948,987,1),(2949,987,1),(2950,987,1),(2951,987,1),(2952,988,8),(2953,988,8),(2954,988,9),(2955,988,7),(2956,989,5),(2957,989,6),(2958,989,3),(2959,989,8),(2960,990,3),(2961,990,1),(2962,990,6),(2963,991,6),(2964,991,3),(2965,991,9),(2966,991,1),(2967,992,2),(2968,992,5),(2969,992,9),(2970,992,1),(2971,992,4),(2972,992,5),(2973,993,8),(2974,993,5),(2975,993,7),(2976,993,5),(2977,993,3),(2978,993,5),(2979,994,8),(2980,994,7),(2981,994,3),(2982,994,8),(2983,994,6),(2984,995,6),(2985,995,8),(2986,996,9),(2987,996,8),(2988,997,8),(2989,997,6),(2990,997,1),(2991,997,5),(2992,997,1),(2993,998,7),(2994,998,1),(2995,999,7),(2996,1000,6),(2997,1000,6),(2998,1000,3),(2999,1000,5),(3000,1000,8);

-- orderstatushist table
INSERT INTO orderstatushist 
			(id, Order, Status, Time)
VALUES 		(1,1,1,'2020-08-25 12:55:03'),(2,1,2,'2020-08-25 13:00:03'),(3,1,3,'2020-08-25 13:20:03'),(4,2,1,'2020-09-05 14:42:28'),(5,2,2,'2020-09-05 14:47:28'),(6,2,3,'2020-09-05 16:10:28'),(7,3,1,'2020-09-04 22:36:36'),(8,3,2,'2020-09-04 22:41:36'),(9,3,3,'2020-09-05 00:18:36'),(10,4,1,'2020-11-13 08:58:59'),(11,4,2,'2020-11-13 09:03:59'),(12,4,3,'2020-11-13 10:26:59'),(13,5,1,'2020-11-05 11:38:57'),(14,5,2,'2020-11-05 11:43:57'),(15,5,3,'2020-11-05 12:52:57'),(16,6,1,'2020-09-21 16:11:14'),(17,6,2,'2020-09-21 16:16:14'),(18,6,3,'2020-09-21 16:43:14'),(19,7,1,'2020-05-31 14:25:00'),(20,7,2,'2020-05-31 14:30:00'),(21,7,4,'2020-05-31 16:00:00'),(22,8,1,'2020-08-12 23:01:36'),(23,8,2,'2020-08-12 23:06:36'),(24,8,3,'2020-08-13 00:50:36'),(25,9,1,'2020-07-30 17:09:50'),(26,9,2,'2020-07-30 17:14:50'),(27,9,3,'2020-07-30 19:19:50'),(28,10,1,'2020-04-29 12:33:45'),(29,10,2,'2020-04-29 12:38:45'),(30,10,3,'2020-04-29 13:26:45'),(31,11,1,'2020-05-19 17:44:05'),(32,11,2,'2020-05-19 17:49:05'),(33,11,3,'2020-05-19 19:26:05'),(34,12,1,'2020-06-07 07:39:09'),(35,12,2,'2020-06-07 07:44:09'),(36,12,3,'2020-06-07 09:49:09'),(37,13,1,'2020-08-15 03:55:11'),(38,13,2,'2020-08-15 04:00:11'),(39,13,3,'2020-08-15 05:44:11'),(40,14,1,'2020-08-02 16:45:22'),(41,14,2,'2020-08-02 16:50:22'),(42,14,3,'2020-08-02 17:31:22'),(43,15,1,'2020-07-04 09:23:51'),(44,15,2,'2020-07-04 09:28:51'),(45,15,3,'2020-07-04 10:58:51'),(46,16,1,'2020-06-02 02:00:35'),(47,16,2,'2020-06-02 02:05:35'),(48,16,3,'2020-06-02 02:32:35'),(49,17,1,'2020-04-13 08:54:37'),(50,17,2,'2020-04-13 08:59:37'),(51,17,3,'2020-04-13 10:36:37'),(52,18,1,'2020-01-18 03:21:00'),(53,18,2,'2020-01-18 03:26:00'),(54,18,4,'2020-01-18 04:00:00'),(55,19,1,'2020-06-27 07:25:43'),(56,19,2,'2020-06-27 07:30:43'),(57,19,3,'2020-06-27 08:53:43'),(58,20,1,'2020-04-25 09:07:57'),(59,20,2,'2020-04-25 09:12:57'),(60,20,3,'2020-04-25 10:28:57'),(61,21,1,'2020-07-25 16:10:38'),(62,21,2,'2020-07-25 16:15:38'),(63,21,3,'2020-07-25 17:10:38'),(64,22,1,'2020-09-27 07:59:40'),(65,22,2,'2020-09-27 08:04:40'),(66,22,3,'2020-09-27 09:41:40'),(67,23,1,'2020-05-11 08:18:50'),(68,23,2,'2020-05-11 08:23:50'),(69,23,3,'2020-05-11 09:39:50'),(70,24,1,'2020-11-15 03:37:23'),(71,24,2,'2020-11-15 03:42:23'),(72,24,3,'2020-11-15 05:33:23'),(73,25,1,'2020-07-04 08:55:40'),(74,25,2,'2020-07-04 09:00:40'),(75,25,3,'2020-07-04 10:02:40'),(76,26,1,'2020-09-18 13:09:05'),(77,26,2,'2020-09-18 13:14:05'),(78,26,3,'2020-09-18 14:51:05'),(79,27,1,'2020-06-21 17:04:24'),(80,27,2,'2020-06-21 17:09:24'),(81,27,3,'2020-06-21 18:32:24'),(82,28,1,'2020-08-03 20:44:28'),(83,28,2,'2020-08-03 20:49:28'),(84,28,3,'2020-08-03 22:40:28'),(85,29,1,'2020-04-25 07:48:56'),(86,29,2,'2020-04-25 07:53:56'),(87,29,3,'2020-04-25 09:44:56'),(88,30,1,'2020-05-08 02:09:30'),(89,30,2,'2020-05-08 02:14:30'),(90,30,3,'2020-05-08 02:34:30'),(91,31,1,'2020-02-09 00:58:16'),(92,31,2,'2020-02-09 01:03:16'),(93,31,3,'2020-02-09 01:58:16'),(94,32,1,'2020-08-18 13:13:39'),(95,32,2,'2020-08-18 13:18:39'),(96,32,3,'2020-08-18 15:16:39'),(97,33,1,'2020-04-08 15:27:00'),(98,33,2,'2020-04-08 15:32:00'),(99,33,3,'2020-04-08 15:59:00'),(100,34,1,'2020-11-21 17:41:49'),(101,34,2,'2020-11-21 17:46:49'),(102,34,3,'2020-11-21 19:51:49'),(103,35,1,'2020-02-16 11:13:42'),(104,35,2,'2020-02-16 11:18:42'),(105,35,3,'2020-02-16 11:52:42'),(106,36,1,'2020-08-08 00:34:28'),(107,36,2,'2020-08-08 00:39:28'),(108,36,3,'2020-08-08 01:55:28'),(109,37,1,'2020-08-29 14:56:29'),(110,37,2,'2020-08-29 15:01:29'),(111,37,3,'2020-08-29 16:03:29'),(112,38,1,'2020-11-28 11:39:54'),(113,38,2,'2020-11-28 11:44:54'),(114,38,3,'2020-11-28 13:28:54'),(115,39,1,'2020-05-18 14:21:55'),(116,39,2,'2020-05-18 14:26:55'),(117,39,3,'2020-05-18 15:07:55'),(118,40,1,'2020-08-29 17:13:30'),(119,40,2,'2020-08-29 17:18:30'),(120,40,3,'2020-08-29 18:55:30'),(121,41,1,'2020-06-08 21:19:57'),(122,41,2,'2020-06-08 21:24:57'),(123,41,3,'2020-06-08 22:33:57'),(124,42,1,'2020-02-13 18:41:51'),(125,42,2,'2020-02-13 18:46:51'),(126,42,3,'2020-02-13 20:51:51'),(127,43,1,'2020-09-18 13:35:05'),(128,43,2,'2020-09-18 13:40:05'),(129,43,3,'2020-09-18 14:35:05'),(130,44,1,'2020-12-09 01:10:34'),(131,44,2,'2020-12-09 01:15:34'),(132,44,3,'2020-12-09 02:03:34'),(133,45,1,'2020-10-29 15:22:57'),(134,45,2,'2020-10-29 15:27:57'),(135,45,3,'2020-10-29 17:32:57'),(136,46,1,'2020-04-05 19:33:44'),(137,46,2,'2020-04-05 19:38:44'),(138,46,3,'2020-04-05 19:58:44'),(139,47,1,'2020-01-13 19:53:31'),(140,47,2,'2020-01-13 19:58:31'),(141,47,3,'2020-01-13 21:00:31'),(142,48,1,'2020-04-05 22:02:33'),(143,48,2,'2020-04-05 22:07:33'),(144,48,3,'2020-04-05 23:37:33'),(145,49,1,'2020-11-28 02:52:06'),(146,49,2,'2020-11-28 02:57:06'),(147,49,3,'2020-11-28 04:06:06'),(148,50,1,'2020-05-11 06:37:10'),(149,50,2,'2020-05-11 06:42:10'),(150,50,3,'2020-05-11 08:33:10'),(151,51,1,'2020-07-14 12:56:31'),(152,51,2,'2020-07-14 13:01:31'),(153,51,3,'2020-07-14 13:35:31'),(154,52,1,'2020-04-25 20:55:19'),(155,52,2,'2020-04-25 21:00:19'),(156,52,3,'2020-04-25 21:27:19'),(157,53,1,'2020-11-21 18:32:06'),(158,53,2,'2020-11-21 18:37:06'),(159,53,3,'2020-11-21 20:07:06'),(160,54,1,'2020-01-14 02:34:00'),(161,54,2,'2020-01-14 02:39:00'),(162,54,3,'2020-01-14 03:13:00'),(163,55,1,'2020-09-29 11:44:46'),(164,55,2,'2020-09-29 11:49:46'),(165,55,3,'2020-09-29 13:05:46'),(166,56,1,'2020-06-20 22:40:35'),(167,56,2,'2020-06-20 22:45:35'),(168,56,3,'2020-06-20 23:47:35'),(169,57,1,'2020-08-31 12:43:38'),(170,57,2,'2020-08-31 12:48:38'),(171,57,3,'2020-08-31 13:29:38'),(172,58,1,'2020-07-25 15:56:32'),(173,58,2,'2020-07-25 16:01:32'),(174,58,3,'2020-07-25 17:10:32'),(175,59,1,'2020-07-05 13:28:59'),(176,59,2,'2020-07-05 13:33:59'),(177,59,3,'2020-07-05 15:24:59'),(178,60,1,'2020-02-21 14:53:26'),(179,60,2,'2020-02-21 14:58:26'),(180,60,3,'2020-02-21 16:14:26'),(181,61,1,'2020-03-21 11:14:00'),(182,61,2,'2020-03-21 11:19:00'),(183,61,4,'2020-03-21 12:00:00'),(184,62,1,'2020-01-13 18:41:41'),(185,62,2,'2020-01-13 18:46:41'),(186,62,3,'2020-01-13 19:41:41'),(187,63,1,'2020-12-04 03:19:04'),(188,63,2,'2020-12-04 03:24:04'),(189,63,3,'2020-12-04 03:44:04'),(190,64,1,'2020-12-03 20:52:54'),(191,64,2,'2020-12-03 20:57:54'),(192,64,3,'2020-12-03 21:31:54'),(193,65,1,'2020-11-29 07:23:02'),(194,65,2,'2020-11-29 07:28:02'),(195,65,3,'2020-11-29 08:58:02'),(196,66,1,'2020-07-25 17:51:38'),(197,66,2,'2020-07-25 17:56:38'),(198,66,3,'2020-07-25 18:37:38'),(199,67,1,'2020-01-26 18:13:12'),(200,67,2,'2020-01-26 18:18:12'),(201,67,3,'2020-01-26 20:23:12'),(202,68,1,'2020-09-09 07:05:17'),(203,68,2,'2020-09-09 07:10:17'),(204,68,3,'2020-09-09 08:26:17'),(205,69,1,'2020-11-02 01:19:57'),(206,69,2,'2020-11-02 01:24:57'),(207,69,3,'2020-11-02 02:12:57'),(208,70,1,'2020-10-29 19:33:41'),(209,70,2,'2020-10-29 19:38:41'),(210,70,3,'2020-10-29 21:43:41'),(211,71,1,'2020-02-25 18:55:35'),(212,71,2,'2020-02-25 19:00:35'),(213,71,3,'2020-02-25 19:20:35'),(214,72,1,'2020-05-30 07:23:59'),(215,72,2,'2020-05-30 07:28:59'),(216,72,3,'2020-05-30 08:44:59'),(217,73,1,'2020-08-21 14:51:26'),(218,73,2,'2020-08-21 14:56:26'),(219,73,3,'2020-08-21 16:40:26'),(220,74,1,'2020-05-21 02:07:14'),(221,74,2,'2020-05-21 02:12:14'),(222,74,3,'2020-05-21 03:42:14'),(223,75,1,'2020-12-13 01:32:28'),(224,75,2,'2020-12-13 01:37:28'),(225,75,3,'2020-12-13 02:32:28'),(226,76,1,'2020-11-15 03:50:28'),(227,76,2,'2020-11-15 03:55:28'),(228,76,3,'2020-11-15 04:15:28'),(229,77,1,'2020-05-18 12:08:54'),(230,77,2,'2020-05-18 12:13:54'),(231,77,3,'2020-05-18 12:47:54'),(232,78,1,'2020-08-06 08:25:14'),(233,78,2,'2020-08-06 08:30:14'),(234,78,3,'2020-08-06 10:00:14'),(235,79,1,'2020-06-01 01:14:47'),(236,79,2,'2020-06-01 01:19:47'),(237,79,3,'2020-06-01 03:24:47'),(238,80,1,'2020-11-21 23:25:24'),(239,80,2,'2020-11-21 23:30:24'),(240,80,3,'2020-11-22 01:00:24'),(241,81,1,'2020-01-27 08:37:58'),(242,81,2,'2020-01-27 08:42:58'),(243,81,3,'2020-01-27 10:33:58'),(244,82,1,'2020-08-14 19:21:51'),(245,82,2,'2020-08-14 19:26:51'),(246,82,3,'2020-08-14 21:03:51'),(247,83,1,'2020-05-16 08:36:00'),(248,83,2,'2020-05-16 08:41:00'),(249,83,3,'2020-05-16 10:11:00'),(250,84,1,'2020-12-02 02:06:14'),(251,84,2,'2020-12-02 02:11:14'),(252,84,3,'2020-12-02 02:52:14'),(253,85,1,'2020-06-14 16:51:27'),(254,85,2,'2020-06-14 16:56:27'),(255,85,3,'2020-06-14 18:54:27'),(256,86,1,'2020-11-05 09:09:07'),(257,86,2,'2020-11-05 09:14:07'),(258,86,3,'2020-11-05 10:30:07'),(259,87,1,'2020-06-21 17:03:02'),(260,87,2,'2020-06-21 17:08:02'),(261,87,3,'2020-06-21 18:24:02'),(262,88,1,'2020-08-05 23:01:34'),(263,88,2,'2020-08-05 23:06:34'),(264,88,3,'2020-08-06 00:57:34'),(265,89,1,'2020-05-08 02:25:03'),(266,89,2,'2020-05-08 02:30:03'),(267,89,3,'2020-05-08 03:53:03'),(268,90,1,'2020-01-01 07:50:12'),(269,90,2,'2020-01-01 07:55:12'),(270,90,3,'2020-01-01 08:36:12'),(271,91,1,'2020-08-05 01:11:16'),(272,91,2,'2020-08-05 01:16:16'),(273,91,3,'2020-08-05 02:25:16'),(274,92,1,'2020-11-22 00:33:26'),(275,92,2,'2020-11-22 00:38:26'),(276,92,3,'2020-11-22 00:58:26'),(277,93,1,'2020-11-26 01:55:35'),(278,93,2,'2020-11-26 02:00:35'),(279,93,3,'2020-11-26 03:58:35'),(280,94,1,'2020-08-05 01:23:58'),(281,94,2,'2020-08-05 01:28:58'),(282,94,3,'2020-08-05 02:23:58'),(283,95,1,'2020-06-13 04:03:56'),(284,95,2,'2020-06-13 04:08:56'),(285,95,3,'2020-06-13 04:42:56'),(286,96,1,'2020-09-09 10:38:48'),(287,96,2,'2020-09-09 10:43:48'),(288,96,3,'2020-09-09 12:06:48'),(289,97,1,'2020-08-02 02:54:11'),(290,97,2,'2020-08-02 02:59:11'),(291,97,3,'2020-08-02 04:15:11'),(292,98,1,'2020-11-18 07:36:12'),(293,98,2,'2020-11-18 07:41:12'),(294,98,3,'2020-11-18 09:04:12'),(295,99,1,'2020-11-03 18:52:07'),(296,99,2,'2020-11-03 18:57:07'),(297,99,3,'2020-11-03 20:27:07'),(298,100,1,'2020-06-01 02:09:43'),(299,100,2,'2020-06-01 02:14:43'),(300,100,3,'2020-06-01 03:30:43'),(301,101,1,'2020-07-31 03:11:06'),(302,101,2,'2020-07-31 03:16:06'),(303,101,3,'2020-07-31 04:46:06'),(304,102,1,'2020-08-25 11:16:34'),(305,102,2,'2020-08-25 11:21:34'),(306,102,3,'2020-08-25 13:26:34'),(307,103,1,'2020-06-19 18:04:00'),(308,103,2,'2020-06-19 18:09:00'),(309,103,4,'2020-06-19 20:00:00'),(310,104,1,'2020-11-05 12:26:36'),(311,104,2,'2020-11-05 12:31:36'),(312,104,3,'2020-11-05 14:01:36'),(313,105,1,'2020-08-21 02:05:18'),(314,105,2,'2020-08-21 02:10:18'),(315,105,3,'2020-08-21 03:19:18'),(316,106,1,'2020-03-09 19:37:02'),(317,106,2,'2020-03-09 19:42:02'),(318,106,3,'2020-03-09 20:09:02'),(319,107,1,'2020-12-15 10:52:45'),(320,107,2,'2020-12-15 10:57:45'),(321,107,3,'2020-12-15 11:31:45'),(322,108,1,'2020-07-31 03:16:52'),(323,108,2,'2020-07-31 03:21:52'),(324,108,3,'2020-07-31 05:12:52'),(325,109,1,'2020-11-26 01:28:41'),(326,109,2,'2020-11-26 01:33:41'),(327,109,3,'2020-11-26 02:00:41'),(328,110,1,'2020-02-17 00:41:32'),(329,110,2,'2020-02-17 00:46:32'),(330,110,3,'2020-02-17 01:41:32'),(331,111,1,'2020-10-22 02:03:12'),(332,111,2,'2020-10-22 02:08:12'),(333,111,3,'2020-10-22 03:45:12'),(334,112,1,'2020-08-25 02:25:29'),(335,112,2,'2020-08-25 02:30:29'),(336,112,3,'2020-08-25 03:32:29'),(337,113,1,'2020-08-13 00:25:17'),(338,113,2,'2020-08-13 00:30:17'),(339,113,3,'2020-08-13 00:50:17'),(340,114,1,'2020-05-22 00:30:59'),(341,114,2,'2020-05-22 00:35:59'),(342,114,3,'2020-05-22 01:51:59'),(343,115,1,'2020-06-05 23:11:52'),(344,115,2,'2020-06-05 23:16:52'),(345,115,3,'2020-06-06 00:11:52'),(346,116,1,'2020-04-26 14:34:46'),(347,116,2,'2020-04-26 14:39:46'),(348,116,3,'2020-04-26 16:23:46'),(349,117,1,'2020-01-05 05:48:31'),(350,117,2,'2020-01-05 05:53:31'),(351,117,3,'2020-01-05 06:13:31'),(352,118,1,'2020-11-28 10:49:21'),(353,118,2,'2020-11-28 10:54:21'),(354,118,3,'2020-11-28 12:24:21'),(355,119,1,'2020-11-29 07:36:36'),(356,119,2,'2020-11-29 07:41:36'),(357,119,3,'2020-11-29 08:50:36'),(358,120,1,'2020-09-27 09:10:13'),(359,120,2,'2020-09-27 09:15:13'),(360,120,3,'2020-09-27 09:49:13'),(361,121,1,'2020-04-30 13:16:18'),(362,121,2,'2020-04-30 13:21:18'),(363,121,3,'2020-04-30 14:37:18'),(364,122,1,'2020-05-22 01:00:54'),(365,122,2,'2020-05-22 01:05:54'),(366,122,3,'2020-05-22 01:25:54'),(367,123,1,'2020-06-02 02:27:59'),(368,123,2,'2020-06-02 02:32:59'),(369,123,3,'2020-06-02 03:06:59'),(370,124,1,'2020-06-13 04:16:06'),(371,124,2,'2020-06-13 04:21:06'),(372,124,3,'2020-06-13 05:02:06'),(373,125,1,'2020-07-25 14:58:58'),(374,125,2,'2020-07-25 15:03:58'),(375,125,3,'2020-07-25 16:54:58'),(376,126,1,'2020-01-26 20:04:53'),(377,126,2,'2020-01-26 20:09:53'),(378,126,3,'2020-01-26 20:29:53'),(379,127,1,'2020-08-25 10:54:39'),(380,127,2,'2020-08-25 10:59:39'),(381,127,3,'2020-08-25 11:33:39'),(382,128,1,'2020-05-12 01:56:44'),(383,128,2,'2020-05-12 02:01:44'),(384,128,3,'2020-05-12 03:59:44'),(385,129,1,'2020-11-07 10:31:23'),(386,129,2,'2020-11-07 10:36:23'),(387,129,3,'2020-11-07 10:56:23'),(388,130,1,'2020-03-24 14:43:00'),(389,130,2,'2020-03-24 14:48:00'),(390,130,3,'2020-03-24 15:15:00'),(391,131,1,'2020-08-08 02:50:35'),(392,131,2,'2020-08-08 02:55:35'),(393,131,3,'2020-08-08 05:00:35'),(394,132,1,'2020-06-28 00:42:39'),(395,132,2,'2020-06-28 00:47:39'),(396,132,3,'2020-06-28 01:35:39'),(397,133,1,'2020-02-11 00:54:17'),(398,133,2,'2020-02-11 00:59:17'),(399,133,3,'2020-02-11 02:29:17'),(400,134,1,'2020-12-09 04:19:31'),(401,134,2,'2020-12-09 04:24:31'),(402,134,3,'2020-12-09 05:40:31'),(403,135,1,'2020-06-10 10:25:00'),(404,135,2,'2020-06-10 10:30:00'),(405,135,4,'2020-06-10 12:00:00'),(406,136,1,'2020-08-07 23:49:20'),(407,136,2,'2020-08-07 23:54:20'),(408,136,3,'2020-08-08 01:59:20'),(409,137,1,'2020-06-14 14:45:22'),(410,137,2,'2020-06-14 14:50:22'),(411,137,3,'2020-06-14 16:55:22'),(412,138,1,'2020-08-18 17:05:45'),(413,138,2,'2020-08-18 17:10:45'),(414,138,3,'2020-08-18 17:58:45'),(415,139,1,'2020-06-30 00:02:53'),(416,139,2,'2020-06-30 00:07:53'),(417,139,3,'2020-06-30 01:16:53'),(418,140,1,'2020-12-22 08:55:52'),(419,140,2,'2020-12-22 09:00:52'),(420,140,3,'2020-12-22 10:44:52'),(421,141,1,'2020-01-10 07:03:36'),(422,141,2,'2020-01-10 07:08:36'),(423,141,3,'2020-01-10 08:31:36'),(424,142,1,'2020-06-19 17:37:40'),(425,142,2,'2020-06-19 17:42:40'),(426,142,3,'2020-06-19 18:58:40'),(427,143,1,'2020-05-05 01:57:31'),(428,143,2,'2020-05-05 02:02:31'),(429,143,3,'2020-05-05 02:22:31'),(430,144,1,'2020-08-29 16:56:34'),(431,144,2,'2020-08-29 17:01:34'),(432,144,3,'2020-08-29 18:17:34'),(433,145,1,'2020-07-05 13:18:26'),(434,145,2,'2020-07-05 13:23:26'),(435,145,3,'2020-07-05 14:18:26'),(436,146,1,'2020-06-05 02:27:36'),(437,146,2,'2020-06-05 02:32:36'),(438,146,3,'2020-06-05 02:52:36'),(439,147,1,'2020-02-11 01:49:36'),(440,147,2,'2020-02-11 01:54:36'),(441,147,3,'2020-02-11 03:45:36'),(442,148,1,'2020-07-25 18:12:45'),(443,148,2,'2020-07-25 18:17:45'),(444,148,3,'2020-07-25 18:44:45'),(445,149,1,'2020-02-25 21:52:41'),(446,149,2,'2020-02-25 21:57:41'),(447,149,3,'2020-02-25 23:34:41'),(448,150,1,'2020-04-08 17:07:07'),(449,150,2,'2020-04-08 17:12:07'),(450,150,3,'2020-04-08 19:10:07'),(451,151,1,'2020-11-29 07:36:23'),(452,151,2,'2020-11-29 07:41:23'),(453,151,3,'2020-11-29 09:18:23'),(454,152,1,'2020-07-18 09:21:50'),(455,152,2,'2020-07-18 09:26:50'),(456,152,3,'2020-07-18 11:24:50'),(457,153,1,'2020-03-07 10:50:37'),(458,153,2,'2020-03-07 10:55:37'),(459,153,3,'2020-03-07 11:22:37'),(460,154,1,'2020-04-11 23:10:39'),(461,154,2,'2020-04-11 23:15:39'),(462,154,3,'2020-04-12 00:45:39'),(463,155,1,'2020-05-18 12:32:00'),(464,155,2,'2020-05-18 12:37:00'),(465,155,3,'2020-05-18 13:39:00'),(466,156,1,'2020-05-18 00:57:43'),(467,156,2,'2020-05-18 01:02:43'),(468,156,3,'2020-05-18 02:11:43'),(469,157,1,'2020-07-25 16:31:29'),(470,157,2,'2020-07-25 16:36:29'),(471,157,3,'2020-07-25 18:34:29'),(472,158,1,'2020-11-27 23:14:09'),(473,158,2,'2020-11-27 23:19:09'),(474,158,3,'2020-11-28 01:24:09'),(475,159,1,'2020-11-28 08:28:24'),(476,159,2,'2020-11-28 08:33:24'),(477,159,3,'2020-11-28 08:53:24'),(478,160,1,'2020-11-05 08:19:48'),(479,160,2,'2020-11-05 08:24:48'),(480,160,3,'2020-11-05 10:08:48'),(481,161,1,'2020-05-19 16:04:57'),(482,161,2,'2020-05-19 16:09:57'),(483,161,3,'2020-05-19 17:53:57'),(484,162,1,'2020-08-17 10:54:48'),(485,162,2,'2020-08-17 10:59:48'),(486,162,3,'2020-08-17 12:01:48'),(487,163,1,'2020-08-15 05:09:28'),(488,163,2,'2020-08-15 05:14:28'),(489,163,3,'2020-08-15 05:48:28'),(490,164,1,'2020-09-11 18:05:28'),(491,164,2,'2020-09-11 18:10:28'),(492,164,3,'2020-09-11 19:33:28'),(493,165,1,'2020-03-07 10:46:44'),(494,165,2,'2020-03-07 10:51:44'),(495,165,3,'2020-03-07 12:21:44'),(496,166,1,'2020-11-25 23:42:55'),(497,166,2,'2020-11-25 23:47:55'),(498,166,3,'2020-11-26 00:42:55'),(499,167,1,'2020-06-13 03:02:15'),(500,167,2,'2020-06-13 03:07:15'),(501,167,3,'2020-06-13 04:37:15'),(502,168,1,'2020-02-21 14:17:57'),(503,168,2,'2020-02-21 14:22:57'),(504,168,3,'2020-02-21 15:38:57'),(505,169,1,'2020-07-19 16:43:00'),(506,169,2,'2020-07-19 16:48:00'),(507,169,3,'2020-07-19 18:53:00'),(508,170,1,'2020-05-07 19:53:30'),(509,170,2,'2020-05-07 19:58:30'),(510,170,3,'2020-05-07 21:21:30'),(511,171,1,'2020-04-25 20:40:21'),(512,171,2,'2020-04-25 20:45:21'),(513,171,3,'2020-04-25 21:54:21'),(514,172,1,'2020-08-21 00:25:32'),(515,172,2,'2020-08-21 00:30:32'),(516,172,3,'2020-08-21 01:04:32'),(517,173,1,'2020-03-08 10:12:33'),(518,173,2,'2020-03-08 10:17:33'),(519,173,3,'2020-03-08 10:44:33'),(520,174,1,'2020-01-26 18:59:51'),(521,174,2,'2020-01-26 19:04:51'),(522,174,3,'2020-01-26 20:06:51'),(523,175,1,'2020-03-08 07:08:58'),(524,175,2,'2020-03-08 07:13:58'),(525,175,3,'2020-03-08 08:50:58'),(526,176,1,'2020-07-13 00:07:39'),(527,176,2,'2020-07-13 00:12:39'),(528,176,3,'2020-07-13 01:14:39'),(529,177,1,'2020-03-08 10:20:30'),(530,177,2,'2020-03-08 10:25:30'),(531,177,3,'2020-03-08 10:52:30'),(532,178,1,'2020-11-22 23:59:40'),(533,178,2,'2020-11-23 00:04:40'),(534,178,3,'2020-11-23 01:41:40'),(535,179,1,'2020-11-08 04:32:52'),(536,179,2,'2020-11-08 04:37:52'),(537,179,3,'2020-11-08 06:42:52'),(538,180,1,'2020-06-26 20:15:52'),(539,180,2,'2020-06-26 20:20:52'),(540,180,3,'2020-06-26 22:18:52'),(541,181,1,'2020-11-23 00:27:07'),(542,181,2,'2020-11-23 00:32:07'),(543,181,3,'2020-11-23 02:09:07'),(544,182,1,'2020-02-29 09:58:27'),(545,182,2,'2020-02-29 10:03:27'),(546,182,3,'2020-02-29 11:05:27'),(547,183,1,'2020-01-22 17:00:27'),(548,183,2,'2020-01-22 17:05:27'),(549,183,3,'2020-01-22 17:53:27'),(550,184,1,'2020-09-27 09:04:43'),(551,184,2,'2020-09-27 09:09:43'),(552,184,3,'2020-09-27 09:43:43'),(553,185,1,'2020-01-23 18:53:28'),(554,185,2,'2020-01-23 18:58:28'),(555,185,3,'2020-01-23 20:21:28'),(556,186,1,'2020-07-19 19:18:51'),(557,186,2,'2020-07-19 19:23:51'),(558,186,3,'2020-07-19 19:43:51'),(559,187,1,'2020-01-26 20:23:18'),(560,187,2,'2020-01-26 20:28:18'),(561,187,3,'2020-01-26 21:09:18'),(562,188,1,'2020-07-05 12:43:33'),(563,188,2,'2020-07-05 12:48:33'),(564,188,3,'2020-07-05 14:39:33'),(565,189,1,'2020-03-07 17:20:00'),(566,189,2,'2020-03-07 17:25:00'),(567,189,3,'2020-03-07 18:13:00'),(568,190,1,'2020-09-21 14:59:12'),(569,190,2,'2020-09-21 15:04:12'),(570,190,3,'2020-09-21 17:09:12'),(571,191,1,'2020-06-27 09:22:15'),(572,191,2,'2020-06-27 09:27:15'),(573,191,3,'2020-06-27 09:54:15'),(574,192,1,'2020-07-19 16:26:35'),(575,192,2,'2020-07-19 16:31:35'),(576,192,3,'2020-07-19 18:29:35'),(577,193,1,'2020-01-25 23:30:16'),(578,193,2,'2020-01-25 23:35:16'),(579,193,3,'2020-01-26 01:19:16'),(580,194,1,'2020-03-07 20:21:39'),(581,194,2,'2020-03-07 20:26:39'),(582,194,3,'2020-03-07 21:42:39'),(583,195,1,'2020-05-08 13:38:44'),(584,195,2,'2020-05-08 13:43:44'),(585,195,3,'2020-05-08 14:24:44'),(586,196,1,'2020-02-20 16:59:52'),(587,196,2,'2020-02-20 17:04:52'),(588,196,3,'2020-02-20 18:41:52'),(589,197,1,'2020-07-04 08:52:58'),(590,197,2,'2020-07-04 08:57:58'),(591,197,3,'2020-07-04 10:06:58'),(592,198,1,'2020-12-04 04:04:11'),(593,198,2,'2020-12-04 04:09:11'),(594,198,3,'2020-12-04 05:32:11'),(595,199,1,'2020-04-10 15:38:43'),(596,199,2,'2020-04-10 15:43:43'),(597,199,3,'2020-04-10 16:31:43'),(598,200,1,'2020-02-29 09:09:11'),(599,200,2,'2020-02-29 09:14:11'),(600,200,3,'2020-02-29 11:05:11'),(601,201,1,'2020-12-02 03:04:59'),(602,201,2,'2020-12-02 03:09:59'),(603,201,3,'2020-12-02 03:36:59'),(604,202,1,'2020-11-18 02:43:33'),(605,202,2,'2020-11-18 02:48:33'),(606,202,3,'2020-11-18 04:25:33'),(607,203,1,'2020-10-29 16:42:12'),(608,203,2,'2020-10-29 16:47:12'),(609,203,3,'2020-10-29 17:21:12'),(610,204,1,'2020-02-19 18:55:25'),(611,204,2,'2020-02-19 19:00:25'),(612,204,3,'2020-02-19 20:16:25'),(613,205,1,'2020-06-07 13:10:35'),(614,205,2,'2020-06-07 13:15:35'),(615,205,3,'2020-06-07 14:38:35'),(616,206,1,'2020-11-29 06:55:57'),(617,206,2,'2020-11-29 07:00:57'),(618,206,3,'2020-11-29 09:05:57'),(619,207,1,'2020-08-03 21:56:53'),(620,207,2,'2020-08-03 22:01:53'),(621,207,3,'2020-08-03 22:56:53'),(622,208,1,'2020-02-16 16:16:47'),(623,208,2,'2020-02-16 16:21:47'),(624,208,3,'2020-02-16 16:41:47'),(625,209,1,'2020-09-22 03:35:00'),(626,209,2,'2020-09-22 03:40:00'),(627,209,4,'2020-09-22 04:00:00'),(628,210,1,'2020-05-08 03:04:27'),(629,210,2,'2020-05-08 03:09:27'),(630,210,3,'2020-05-08 03:43:27'),(631,211,1,'2020-02-20 17:52:29'),(632,211,2,'2020-02-20 17:57:29'),(633,211,3,'2020-02-20 18:52:29'),(634,212,1,'2020-04-05 18:48:45'),(635,212,2,'2020-04-05 18:53:45'),(636,212,3,'2020-04-05 19:13:45'),(637,213,1,'2020-07-14 11:11:34'),(638,213,2,'2020-07-14 11:16:34'),(639,213,3,'2020-07-14 12:53:34'),(640,214,1,'2020-03-07 19:52:58'),(641,214,2,'2020-03-07 19:57:58'),(642,214,3,'2020-03-07 21:34:58'),(643,215,1,'2020-05-05 00:50:51'),(644,215,2,'2020-05-05 00:55:51'),(645,215,3,'2020-05-05 01:22:51'),(646,216,1,'2020-05-16 08:29:24'),(647,216,2,'2020-05-16 08:34:24'),(648,216,3,'2020-05-16 10:18:24'),(649,217,1,'2020-03-13 21:35:12'),(650,217,2,'2020-03-13 21:40:12'),(651,217,3,'2020-03-13 22:49:12'),(652,218,1,'2020-05-28 05:58:00'),(653,218,2,'2020-05-28 06:03:00'),(654,218,3,'2020-05-28 07:05:00'),(655,219,1,'2020-11-18 01:53:28'),(656,219,2,'2020-11-18 01:58:28'),(657,219,3,'2020-11-18 03:00:28'),(658,220,1,'2020-07-14 18:13:26'),(659,220,2,'2020-07-14 18:18:26'),(660,220,3,'2020-07-14 19:41:26'),(661,221,1,'2020-08-22 11:26:27'),(662,221,2,'2020-08-22 11:31:27'),(663,221,3,'2020-08-22 11:58:27'),(664,222,1,'2020-04-25 19:56:19'),(665,222,2,'2020-04-25 20:01:19'),(666,222,3,'2020-04-25 22:06:19'),(667,223,1,'2020-08-25 09:07:34'),(668,223,2,'2020-08-25 09:12:34'),(669,223,3,'2020-08-25 11:10:34'),(670,224,1,'2020-05-24 11:27:58'),(671,224,2,'2020-05-24 11:32:58'),(672,224,3,'2020-05-24 12:41:58'),(673,225,1,'2020-06-12 20:55:04'),(674,225,2,'2020-06-12 21:00:04'),(675,225,3,'2020-06-12 22:16:04'),(676,226,1,'2020-11-18 09:18:32'),(677,226,2,'2020-11-18 09:23:32'),(678,226,3,'2020-11-18 09:43:32'),(679,227,1,'2020-11-28 08:55:37'),(680,227,2,'2020-11-28 09:00:37'),(681,227,3,'2020-11-28 09:27:37'),(682,228,1,'2020-07-05 16:11:41'),(683,228,2,'2020-07-05 16:16:41'),(684,228,3,'2020-07-05 18:14:41'),(685,229,1,'2020-06-07 10:53:42'),(686,229,2,'2020-06-07 10:58:42'),(687,229,3,'2020-06-07 11:39:42'),(688,230,1,'2020-07-14 11:04:30'),(689,230,2,'2020-07-14 11:09:30'),(690,230,3,'2020-07-14 12:18:30'),(691,231,1,'2020-01-26 17:26:11'),(692,231,2,'2020-01-26 17:31:11'),(693,231,3,'2020-01-26 18:12:11'),(694,232,1,'2020-02-29 10:23:41'),(695,232,2,'2020-02-29 10:28:41'),(696,232,3,'2020-02-29 11:16:41'),(697,233,1,'2020-06-21 17:14:43'),(698,233,2,'2020-06-21 17:19:43'),(699,233,3,'2020-06-21 17:53:43'),(700,234,1,'2020-12-15 20:11:52'),(701,234,2,'2020-12-15 20:16:52'),(702,234,3,'2020-12-15 20:57:52'),(703,235,1,'2020-04-30 12:51:55'),(704,235,2,'2020-04-30 12:56:55'),(705,235,3,'2020-04-30 14:54:55'),(706,236,1,'2020-03-01 03:40:20'),(707,236,2,'2020-03-01 03:45:20'),(708,236,3,'2020-03-01 04:19:20'),(709,237,1,'2020-03-07 06:20:16'),(710,237,2,'2020-03-07 06:25:16'),(711,237,3,'2020-03-07 06:52:16'),(712,238,1,'2020-04-03 05:14:11'),(713,238,2,'2020-04-03 05:19:11'),(714,238,3,'2020-04-03 07:17:11'),(715,239,1,'2020-03-09 20:02:24'),(716,239,2,'2020-03-09 20:07:24'),(717,239,3,'2020-03-09 21:23:24'),(718,240,1,'2020-05-18 11:18:32'),(719,240,2,'2020-05-18 11:23:32'),(720,240,3,'2020-05-18 12:25:32'),(721,241,1,'2020-10-15 04:04:24'),(722,241,2,'2020-10-15 04:09:24'),(723,241,3,'2020-10-15 05:11:24'),(724,242,1,'2020-11-05 08:28:54'),(725,242,2,'2020-11-05 08:33:54'),(726,242,3,'2020-11-05 10:17:54'),(727,243,1,'2020-06-17 10:32:00'),(728,243,2,'2020-06-17 10:37:00'),(729,243,4,'2020-06-17 12:00:00'),(730,244,1,'2020-06-06 02:52:34'),(731,244,2,'2020-06-06 02:57:34'),(732,244,3,'2020-06-06 03:38:34'),(733,245,1,'2020-11-15 03:00:14'),(734,245,2,'2020-11-15 03:05:14'),(735,245,3,'2020-11-15 04:42:14'),(736,246,1,'2020-11-28 16:50:01'),(737,246,2,'2020-11-28 16:55:01'),(738,246,3,'2020-11-28 17:36:01'),(739,247,1,'2020-05-24 11:46:03'),(740,247,2,'2020-05-24 11:51:03'),(741,247,3,'2020-05-24 12:18:03'),(742,248,1,'2020-02-29 05:01:52'),(743,248,2,'2020-02-29 05:06:52'),(744,248,3,'2020-02-29 05:54:52'),(745,249,1,'2020-05-11 08:04:08'),(746,249,2,'2020-05-11 08:09:08'),(747,249,3,'2020-05-11 10:00:08'),(748,250,1,'2020-02-29 07:06:29'),(749,250,2,'2020-02-29 07:11:29'),(750,250,3,'2020-02-29 09:09:29'),(751,251,1,'2020-08-16 23:45:22'),(752,251,2,'2020-08-16 23:50:22'),(753,251,3,'2020-08-17 01:27:22'),(754,252,1,'2020-05-16 12:20:50'),(755,252,2,'2020-05-16 12:25:50'),(756,252,3,'2020-05-16 12:52:50'),(757,253,1,'2020-03-18 19:32:38'),(758,253,2,'2020-03-18 19:37:38'),(759,253,3,'2020-03-18 20:39:38'),(760,254,1,'2020-05-18 04:13:50'),(761,254,2,'2020-05-18 04:18:50'),(762,254,3,'2020-05-18 05:27:50'),(763,255,1,'2020-05-19 18:11:40'),(764,255,2,'2020-05-19 18:16:40'),(765,255,3,'2020-05-19 18:57:40'),(766,256,1,'2020-05-19 18:01:00'),(767,256,2,'2020-05-19 18:06:00'),(768,256,3,'2020-05-19 19:36:00'),(769,257,1,'2020-09-27 08:15:16'),(770,257,2,'2020-09-27 08:20:16'),(771,257,3,'2020-09-27 09:29:16'),(772,258,1,'2020-08-02 02:32:06'),(773,258,2,'2020-08-02 02:37:06'),(774,258,3,'2020-08-02 03:53:06'),(775,259,1,'2020-04-25 06:51:14'),(776,259,2,'2020-04-25 06:56:14'),(777,259,3,'2020-04-25 07:30:14'),(778,260,1,'2020-05-21 02:31:40'),(779,260,2,'2020-05-21 02:36:40'),(780,260,3,'2020-05-21 03:38:40'),(781,261,1,'2020-05-30 08:25:43'),(782,261,2,'2020-05-30 08:30:43'),(783,261,3,'2020-05-30 08:50:43'),(784,262,1,'2020-12-15 18:26:51'),(785,262,2,'2020-12-15 18:31:51'),(786,262,3,'2020-12-15 19:47:51'),(787,263,1,'2020-01-01 12:47:18'),(788,263,2,'2020-01-01 12:52:18'),(789,263,3,'2020-01-01 14:36:18'),(790,264,1,'2020-07-01 21:19:03'),(791,264,2,'2020-07-01 21:24:03'),(792,264,3,'2020-07-01 22:12:03'),(793,265,1,'2020-06-12 17:14:13'),(794,265,2,'2020-06-12 17:19:13'),(795,265,3,'2020-06-12 18:35:13'),(796,266,1,'2020-08-08 00:28:35'),(797,266,2,'2020-08-08 00:33:35'),(798,266,3,'2020-08-08 02:10:35'),(799,267,1,'2020-02-23 11:07:00'),(800,267,2,'2020-02-23 11:12:00'),(801,267,4,'2020-02-23 12:00:00'),(802,268,1,'2020-09-09 07:30:03'),(803,268,2,'2020-09-09 07:35:03'),(804,268,3,'2020-09-09 09:40:03'),(805,269,1,'2020-11-21 23:07:12'),(806,269,2,'2020-11-21 23:12:12'),(807,269,3,'2020-11-22 00:56:12'),(808,270,1,'2020-12-15 21:37:15'),(809,270,2,'2020-12-15 21:42:15'),(810,270,3,'2020-12-15 22:16:15'),(811,271,1,'2020-06-18 20:16:28'),(812,271,2,'2020-06-18 20:21:28'),(813,271,3,'2020-06-18 20:55:28'),(814,272,1,'2020-09-27 08:33:07'),(815,272,2,'2020-09-27 08:38:07'),(816,272,3,'2020-09-27 10:08:07'),(817,273,1,'2020-01-25 23:08:44'),(818,273,2,'2020-01-25 23:13:44'),(819,273,3,'2020-01-26 00:29:44'),(820,274,1,'2020-01-21 05:58:53'),(821,274,2,'2020-01-21 06:03:53'),(822,274,3,'2020-01-21 07:12:53'),(823,275,1,'2020-10-29 16:38:41'),(824,275,2,'2020-10-29 16:43:41'),(825,275,3,'2020-10-29 17:52:41'),(826,276,1,'2020-04-08 14:38:40'),(827,276,2,'2020-04-08 14:43:40'),(828,276,3,'2020-04-08 15:17:40'),(829,277,1,'2020-07-14 12:00:50'),(830,277,2,'2020-07-14 12:05:50'),(831,277,3,'2020-07-14 14:03:50'),(832,278,1,'2020-11-05 09:02:59'),(833,278,2,'2020-11-05 09:07:59'),(834,278,3,'2020-11-05 10:37:59'),(835,279,1,'2020-02-21 15:00:38'),(836,279,2,'2020-02-21 15:05:38'),(837,279,3,'2020-02-21 16:14:38'),(838,280,1,'2020-05-07 19:35:51'),(839,280,2,'2020-05-07 19:40:51'),(840,280,3,'2020-05-07 20:42:51'),(841,281,1,'2020-02-16 14:04:03'),(842,281,2,'2020-02-16 14:09:03'),(843,281,3,'2020-02-16 15:53:03'),(844,282,1,'2020-10-02 23:58:58'),(845,282,2,'2020-10-03 00:03:58'),(846,282,3,'2020-10-03 01:05:58'),(847,283,1,'2020-12-13 00:48:57'),(848,283,2,'2020-12-13 00:53:57'),(849,283,3,'2020-12-13 02:09:57'),(850,284,1,'2020-11-08 04:56:52'),(851,284,2,'2020-11-08 05:01:52'),(852,284,3,'2020-11-08 06:24:52'),(853,285,1,'2020-01-05 03:00:53'),(854,285,2,'2020-01-05 03:05:53'),(855,285,3,'2020-01-05 04:42:53'),(856,286,1,'2020-08-02 17:34:48'),(857,286,2,'2020-08-02 17:39:48'),(858,286,3,'2020-08-02 19:02:48'),(859,287,1,'2020-02-16 11:19:04'),(860,287,2,'2020-02-16 11:24:04'),(861,287,3,'2020-02-16 12:05:04'),(862,288,1,'2020-12-08 04:23:43'),(863,288,2,'2020-12-08 04:28:43'),(864,288,3,'2020-12-08 05:23:43'),(865,289,1,'2020-07-22 01:51:11'),(866,289,2,'2020-07-22 01:56:11'),(867,289,3,'2020-07-22 02:44:11'),(868,290,1,'2020-08-18 13:03:34'),(869,290,2,'2020-08-18 13:08:34'),(870,290,3,'2020-08-18 14:52:34'),(871,291,1,'2020-06-21 17:31:07'),(872,291,2,'2020-06-21 17:36:07'),(873,291,3,'2020-06-21 18:17:07'),(874,292,1,'2020-04-08 13:27:28'),(875,292,2,'2020-04-08 13:32:28'),(876,292,3,'2020-04-08 15:23:28'),(877,293,1,'2020-04-08 08:40:53'),(878,293,2,'2020-04-08 08:45:53'),(879,293,3,'2020-04-08 09:19:53'),(880,294,1,'2020-09-29 10:16:49'),(881,294,2,'2020-09-29 10:21:49'),(882,294,3,'2020-09-29 11:51:49'),(883,295,1,'2020-07-31 04:00:48'),(884,295,2,'2020-07-31 04:05:48'),(885,295,3,'2020-07-31 04:53:48'),(886,296,1,'2020-07-25 18:02:59'),(887,296,2,'2020-07-25 18:07:59'),(888,296,3,'2020-07-25 18:34:59'),(889,297,1,'2020-04-25 19:20:12'),(890,297,2,'2020-04-25 19:25:12'),(891,297,3,'2020-04-25 20:55:12'),(892,298,1,'2020-10-29 20:09:36'),(893,298,2,'2020-10-29 20:14:36'),(894,298,3,'2020-10-29 20:34:36'),(895,299,1,'2020-05-19 18:10:26'),(896,299,2,'2020-05-19 18:15:26'),(897,299,3,'2020-05-19 20:13:26'),(898,300,1,'2020-11-10 19:04:06'),(899,300,2,'2020-11-10 19:09:06'),(900,300,3,'2020-11-10 20:32:06'),(901,301,1,'2020-02-13 20:11:57'),(902,301,2,'2020-02-13 20:16:57'),(903,301,3,'2020-02-13 22:14:57'),(904,302,1,'2020-05-21 02:45:12'),(905,302,2,'2020-05-21 02:50:12'),(906,302,3,'2020-05-21 03:52:12'),(907,303,1,'2020-06-12 16:49:57'),(908,303,2,'2020-06-12 16:54:57'),(909,303,3,'2020-06-12 18:38:57'),(910,304,1,'2020-08-17 11:34:43'),(911,304,2,'2020-08-17 11:39:43'),(912,304,3,'2020-08-17 12:41:43'),(913,305,1,'2020-11-28 08:46:38'),(914,305,2,'2020-11-28 08:51:38'),(915,305,3,'2020-11-28 10:00:38'),(916,306,1,'2020-08-08 04:27:43'),(917,306,2,'2020-08-08 04:32:43'),(918,306,3,'2020-08-08 05:06:43'),(919,307,1,'2020-06-21 18:14:36'),(920,307,2,'2020-06-21 18:19:36'),(921,307,3,'2020-06-21 19:42:36'),(922,308,1,'2020-05-18 02:01:59'),(923,308,2,'2020-05-18 02:06:59'),(924,308,3,'2020-05-18 03:43:59'),(925,309,1,'2020-12-03 16:27:39'),(926,309,2,'2020-12-03 16:32:39'),(927,309,3,'2020-12-03 16:52:39'),(928,310,1,'2020-06-29 23:59:56'),(929,310,2,'2020-06-30 00:04:56'),(930,310,3,'2020-06-30 00:59:56'),(931,311,1,'2020-02-11 19:39:46'),(932,311,2,'2020-02-11 19:44:46'),(933,311,3,'2020-02-11 20:46:46'),(934,312,1,'2020-10-07 02:46:00'),(935,312,2,'2020-10-07 02:51:00'),(936,312,4,'2020-10-07 04:00:00'),(937,313,1,'2020-06-13 02:50:35'),(938,313,2,'2020-06-13 02:55:35'),(939,313,3,'2020-06-13 03:29:35'),(940,314,1,'2020-08-05 07:01:48'),(941,314,2,'2020-08-05 07:06:48'),(942,314,3,'2020-08-05 08:50:48'),(943,315,1,'2020-09-05 15:31:59'),(944,315,2,'2020-09-05 15:36:59'),(945,315,3,'2020-09-05 16:10:59'),(946,316,1,'2020-07-13 01:13:46'),(947,316,2,'2020-07-13 01:18:46'),(948,316,3,'2020-07-13 01:52:46'),(949,317,1,'2020-04-05 20:07:25'),(950,317,2,'2020-04-05 20:12:25'),(951,317,3,'2020-04-05 20:46:25'),(952,318,1,'2020-12-13 07:17:54'),(953,318,2,'2020-12-13 07:22:54'),(954,318,3,'2020-12-13 08:59:54'),(955,319,1,'2020-01-25 13:16:01'),(956,319,2,'2020-01-25 13:21:01'),(957,319,3,'2020-01-25 14:51:01'),(958,320,1,'2020-10-29 22:46:00'),(959,320,2,'2020-10-29 22:51:00'),(960,320,4,'2020-10-30 00:00:00'),(961,321,1,'2020-09-27 09:30:06'),(962,321,2,'2020-09-27 09:35:06'),(963,321,3,'2020-09-27 09:55:06'),(964,322,1,'2020-11-08 05:26:27'),(965,322,2,'2020-11-08 05:31:27'),(966,322,3,'2020-11-08 06:54:27'),(967,323,1,'2020-05-16 11:16:32'),(968,323,2,'2020-05-16 11:21:32'),(969,323,3,'2020-05-16 13:26:32'),(970,324,1,'2020-07-18 09:23:45'),(971,324,2,'2020-07-18 09:28:45'),(972,324,3,'2020-07-18 10:23:45'),(973,325,1,'2020-11-21 18:32:46'),(974,325,2,'2020-11-21 18:37:46'),(975,325,3,'2020-11-21 19:53:46'),(976,326,1,'2020-12-13 12:41:55'),(977,326,2,'2020-12-13 12:46:55'),(978,326,3,'2020-12-13 13:20:55'),(979,327,1,'2020-07-17 11:20:54'),(980,327,2,'2020-07-17 11:25:54'),(981,327,3,'2020-07-17 12:13:54'),(982,328,1,'2020-10-17 03:50:34'),(983,328,2,'2020-10-17 03:55:34'),(984,328,3,'2020-10-17 04:22:34'),(985,329,1,'2020-08-18 16:59:33'),(986,329,2,'2020-08-18 17:04:33'),(987,329,3,'2020-08-18 17:38:33'),(988,330,1,'2020-07-23 10:53:00'),(989,330,2,'2020-07-23 10:58:00'),(990,330,4,'2020-07-23 12:00:00'),(991,331,1,'2020-10-29 21:38:43'),(992,331,2,'2020-10-29 21:43:43'),(993,331,3,'2020-10-29 22:45:43'),(994,332,1,'2020-05-18 02:07:31'),(995,332,2,'2020-05-18 02:12:31'),(996,332,3,'2020-05-18 03:49:31'),(997,333,1,'2020-03-13 08:29:10'),(998,333,2,'2020-03-13 08:34:10'),(999,333,3,'2020-03-13 09:36:10'),(1000,334,1,'2020-11-03 19:52:22'),(1001,334,2,'2020-11-03 19:57:22'),(1002,334,3,'2020-11-03 21:06:22'),(1003,335,1,'2020-06-04 18:44:03'),(1004,335,2,'2020-06-04 18:49:03'),(1005,335,3,'2020-06-04 19:23:03'),(1006,336,1,'2020-05-31 15:38:29'),(1007,336,2,'2020-05-31 15:43:29'),(1008,336,3,'2020-05-31 16:24:29'),(1009,337,1,'2020-05-05 01:25:44'),(1010,337,2,'2020-05-05 01:30:44'),(1011,337,3,'2020-05-05 03:00:44'),(1012,338,1,'2020-01-06 17:00:44'),(1013,338,2,'2020-01-06 17:05:44'),(1014,338,3,'2020-01-06 17:46:44'),(1015,339,1,'2020-11-28 15:38:20'),(1016,339,2,'2020-11-28 15:43:20'),(1017,339,3,'2020-11-28 17:48:20'),(1018,340,1,'2020-04-11 23:02:53'),(1019,340,2,'2020-04-11 23:07:53'),(1020,340,3,'2020-04-12 01:12:53'),(1021,341,1,'2020-01-22 16:33:58'),(1022,341,2,'2020-01-22 16:38:58'),(1023,341,3,'2020-01-22 18:29:58'),(1024,342,1,'2020-03-08 08:47:16'),(1025,342,2,'2020-03-08 08:52:16'),(1026,342,3,'2020-03-08 10:01:16'),(1027,343,1,'2020-09-27 07:24:50'),(1028,343,2,'2020-09-27 07:29:50'),(1029,343,3,'2020-09-27 09:34:50'),(1030,344,1,'2020-05-22 00:11:17'),(1031,344,2,'2020-05-22 00:16:17'),(1032,344,3,'2020-05-22 01:53:17'),(1033,345,1,'2020-11-18 10:49:58'),(1034,345,2,'2020-11-18 10:54:58'),(1035,345,3,'2020-11-18 12:52:58'),(1036,346,1,'2020-06-27 07:43:27'),(1037,346,2,'2020-06-27 07:48:27'),(1038,346,3,'2020-06-27 09:53:27'),(1039,347,1,'2020-07-14 12:39:33'),(1040,347,2,'2020-07-14 12:44:33'),(1041,347,3,'2020-07-14 14:14:33'),(1042,348,1,'2020-05-06 08:48:48'),(1043,348,2,'2020-05-06 08:53:48'),(1044,348,3,'2020-05-06 10:51:48'),(1045,349,1,'2020-07-22 10:52:11'),(1046,349,2,'2020-07-22 10:57:11'),(1047,349,3,'2020-07-22 12:27:11'),(1048,350,1,'2020-05-16 08:50:47'),(1049,350,2,'2020-05-16 08:55:47'),(1050,350,3,'2020-05-16 10:25:47'),(1051,351,1,'2020-06-27 09:13:06'),(1052,351,2,'2020-06-27 09:18:06'),(1053,351,3,'2020-06-27 10:27:06'),(1054,352,1,'2020-05-22 00:53:41'),(1055,352,2,'2020-05-22 00:58:41'),(1056,352,3,'2020-05-22 01:39:41'),(1057,353,1,'2020-07-24 00:12:01'),(1058,353,2,'2020-07-24 00:17:01'),(1059,353,3,'2020-07-24 01:19:01'),(1060,354,1,'2020-08-08 05:14:29'),(1061,354,2,'2020-08-08 05:19:29'),(1062,354,3,'2020-08-08 05:53:29'),(1063,355,1,'2020-06-06 09:18:27'),(1064,355,2,'2020-06-06 09:23:27'),(1065,355,3,'2020-06-06 10:53:27'),(1066,356,1,'2020-07-25 17:11:26'),(1067,356,2,'2020-07-25 17:16:26'),(1068,356,3,'2020-07-25 18:53:26'),(1069,357,1,'2020-02-21 15:39:04'),(1070,357,2,'2020-02-21 15:44:04'),(1071,357,3,'2020-02-21 16:18:04'),(1072,358,1,'2020-07-22 02:34:32'),(1073,358,2,'2020-07-22 02:39:32'),(1074,358,3,'2020-07-22 02:59:32'),(1075,359,1,'2020-02-28 22:46:00'),(1076,359,2,'2020-02-28 22:51:00'),(1077,359,4,'2020-02-29 00:00:00'),(1078,360,1,'2020-11-18 10:35:50'),(1079,360,2,'2020-11-18 10:40:50'),(1080,360,3,'2020-11-18 12:38:50'),(1081,361,1,'2020-08-22 12:45:36'),(1082,361,2,'2020-08-22 12:50:36'),(1083,361,3,'2020-08-22 13:17:36'),(1084,362,1,'2020-02-05 17:48:31'),(1085,362,2,'2020-02-05 17:53:31'),(1086,362,3,'2020-02-05 18:48:31'),(1087,363,1,'2020-11-29 08:05:40'),(1088,363,2,'2020-11-29 08:10:40'),(1089,363,3,'2020-11-29 08:37:40'),(1090,364,1,'2020-01-26 18:24:27'),(1091,364,2,'2020-01-26 18:29:27'),(1092,364,3,'2020-01-26 19:45:27'),(1093,365,1,'2020-05-24 19:21:00'),(1094,365,2,'2020-05-24 19:26:00'),(1095,365,4,'2020-05-24 20:00:00'),(1096,366,1,'2020-02-25 22:43:04'),(1097,366,2,'2020-02-25 22:48:04'),(1098,366,3,'2020-02-25 23:43:04'),(1099,367,1,'2020-01-05 04:05:30'),(1100,367,2,'2020-01-05 04:10:30'),(1101,367,3,'2020-01-05 04:51:30'),(1102,368,1,'2020-09-03 01:09:37'),(1103,368,2,'2020-09-03 01:14:37'),(1104,368,3,'2020-09-03 01:55:37'),(1105,369,1,'2020-01-30 09:35:00'),(1106,369,2,'2020-01-30 09:40:00'),(1107,369,3,'2020-01-30 11:45:00'),(1108,370,1,'2020-05-19 18:37:34'),(1109,370,2,'2020-05-19 18:42:34'),(1110,370,3,'2020-05-19 20:26:34'),(1111,371,1,'2020-08-25 09:32:13'),(1112,371,2,'2020-08-25 09:37:13'),(1113,371,3,'2020-08-25 11:14:13'),(1114,372,1,'2020-09-22 12:54:18'),(1115,372,2,'2020-09-22 12:59:18'),(1116,372,3,'2020-09-22 14:50:18'),(1117,373,1,'2020-01-22 17:11:07'),(1118,373,2,'2020-01-22 17:16:07'),(1119,373,3,'2020-01-22 17:50:07'),(1120,374,1,'2020-11-28 15:34:55'),(1121,374,2,'2020-11-28 15:39:55'),(1122,374,3,'2020-11-28 16:34:55'),(1123,375,1,'2020-08-06 08:53:42'),(1124,375,2,'2020-08-06 08:58:42'),(1125,375,3,'2020-08-06 10:28:42'),(1126,376,1,'2020-03-08 08:33:15'),(1127,376,2,'2020-03-08 08:38:15'),(1128,376,3,'2020-03-08 09:19:15'),(1129,377,1,'2020-02-23 15:25:56'),(1130,377,2,'2020-02-23 15:30:56'),(1131,377,3,'2020-02-23 16:25:56'),(1132,378,1,'2020-10-28 10:55:30'),(1133,378,2,'2020-10-28 11:00:30'),(1134,378,3,'2020-10-28 12:09:30'),(1135,379,1,'2020-04-10 17:22:50'),(1136,379,2,'2020-04-10 17:27:50'),(1137,379,3,'2020-04-10 18:15:50'),(1138,380,1,'2020-02-25 22:42:31'),(1139,380,2,'2020-02-25 22:47:31'),(1140,380,3,'2020-02-25 23:42:31'),(1141,381,1,'2020-02-05 16:17:01'),(1142,381,2,'2020-02-05 16:22:01'),(1143,381,3,'2020-02-05 17:38:01'),(1144,382,1,'2020-12-04 03:39:48'),(1145,382,2,'2020-12-04 03:44:48'),(1146,382,3,'2020-12-04 05:35:48'),(1147,383,1,'2020-01-29 00:45:05'),(1148,383,2,'2020-01-29 00:50:05'),(1149,383,3,'2020-01-29 02:48:05'),(1150,384,1,'2020-08-21 00:37:31'),(1151,384,2,'2020-08-21 00:42:31'),(1152,384,3,'2020-08-21 02:33:31'),(1153,385,1,'2020-02-29 07:28:09'),(1154,385,2,'2020-02-29 07:33:09'),(1155,385,3,'2020-02-29 09:17:09'),(1156,386,1,'2020-06-27 08:59:28'),(1157,386,2,'2020-06-27 09:04:28'),(1158,386,3,'2020-06-27 09:45:28'),(1159,387,1,'2020-03-08 06:43:49'),(1160,387,2,'2020-03-08 06:48:49'),(1161,387,3,'2020-03-08 08:53:49'),(1162,388,1,'2020-02-29 05:25:56'),(1163,388,2,'2020-02-29 05:30:56'),(1164,388,3,'2020-02-29 05:57:56'),(1165,389,1,'2020-09-08 19:11:41'),(1166,389,2,'2020-09-08 19:16:41'),(1167,389,3,'2020-09-08 19:57:41'),(1168,390,1,'2020-01-26 16:24:46'),(1169,390,2,'2020-01-26 16:29:46'),(1170,390,3,'2020-01-26 18:20:46'),(1171,391,1,'2020-03-07 06:02:32'),(1172,391,2,'2020-03-07 06:07:32'),(1173,391,3,'2020-03-07 07:02:32'),(1174,392,1,'2020-04-25 19:16:50'),(1175,392,2,'2020-04-25 19:21:50'),(1176,392,3,'2020-04-25 19:55:50'),(1177,393,1,'2020-08-21 00:33:22'),(1178,393,2,'2020-08-21 00:38:22'),(1179,393,3,'2020-08-21 01:19:22'),(1180,394,1,'2020-05-18 04:29:29'),(1181,394,2,'2020-05-18 04:34:29'),(1182,394,3,'2020-05-18 04:54:29'),(1183,395,1,'2020-04-25 05:22:20'),(1184,395,2,'2020-04-25 05:27:20'),(1185,395,3,'2020-04-25 07:11:20'),(1186,396,1,'2020-07-03 17:35:02'),(1187,396,2,'2020-07-03 17:40:02'),(1188,396,3,'2020-07-03 19:45:02'),(1189,397,1,'2020-04-05 17:25:08'),(1190,397,2,'2020-04-05 17:30:08'),(1191,397,3,'2020-04-05 18:18:08'),(1192,398,1,'2020-02-11 19:14:23'),(1193,398,2,'2020-02-11 19:19:23'),(1194,398,3,'2020-02-11 20:14:23'),(1195,399,1,'2020-11-29 08:53:40'),(1196,399,2,'2020-11-29 08:58:40'),(1197,399,3,'2020-11-29 09:18:40'),(1198,400,1,'2020-04-05 16:36:43'),(1199,400,2,'2020-04-05 16:41:43'),(1200,400,3,'2020-04-05 17:29:43'),(1201,401,1,'2020-02-23 14:31:21'),(1202,401,2,'2020-02-23 14:36:21'),(1203,401,3,'2020-02-23 16:41:21'),(1204,402,1,'2020-01-04 23:06:49'),(1205,402,2,'2020-01-04 23:11:49'),(1206,402,3,'2020-01-05 01:16:49'),(1207,403,1,'2020-05-07 18:52:00'),(1208,403,2,'2020-05-07 18:57:00'),(1209,403,3,'2020-05-07 20:34:00'),(1210,404,1,'2020-02-06 06:37:31'),(1211,404,2,'2020-02-06 06:42:31'),(1212,404,3,'2020-02-06 07:23:31'),(1213,405,1,'2020-06-25 01:01:20'),(1214,405,2,'2020-06-25 01:06:20'),(1215,405,3,'2020-06-25 01:40:20'),(1216,406,1,'2020-12-12 22:44:31'),(1217,406,2,'2020-12-12 22:49:31'),(1218,406,3,'2020-12-13 00:40:31'),(1219,407,1,'2020-08-21 04:03:46'),(1220,407,2,'2020-08-21 04:08:46'),(1221,407,3,'2020-08-21 05:10:46'),(1222,408,1,'2020-07-13 04:14:51'),(1223,408,2,'2020-07-13 04:19:51'),(1224,408,3,'2020-07-13 05:00:51'),(1225,409,1,'2020-05-11 12:18:06'),(1226,409,2,'2020-05-11 12:23:06'),(1227,409,3,'2020-05-11 14:00:06'),(1228,410,1,'2020-02-13 18:32:00'),(1229,410,2,'2020-02-13 18:37:00'),(1230,410,4,'2020-02-13 20:00:00'),(1231,411,1,'2020-11-28 11:19:52'),(1232,411,2,'2020-11-28 11:24:52'),(1233,411,3,'2020-11-28 13:22:52'),(1234,412,1,'2020-05-08 02:00:34'),(1235,412,2,'2020-05-08 02:05:34'),(1236,412,3,'2020-05-08 02:39:34'),(1237,413,1,'2020-04-08 14:35:43'),(1238,413,2,'2020-04-08 14:40:43'),(1239,413,3,'2020-04-08 15:14:43'),(1240,414,1,'2020-11-18 11:31:37'),(1241,414,2,'2020-11-18 11:36:37'),(1242,414,3,'2020-11-18 12:17:37'),(1243,415,1,'2020-09-05 09:56:07'),(1244,415,2,'2020-09-05 10:01:07'),(1245,415,3,'2020-09-05 11:10:07'),(1246,416,1,'2020-02-29 06:56:38'),(1247,416,2,'2020-02-29 07:01:38'),(1248,416,3,'2020-02-29 09:06:38'),(1249,417,1,'2020-12-18 08:37:57'),(1250,417,2,'2020-12-18 08:42:57'),(1251,417,3,'2020-12-18 09:44:57'),(1252,418,1,'2020-06-07 08:40:57'),(1253,418,2,'2020-06-07 08:45:57'),(1254,418,3,'2020-06-07 10:43:57'),(1255,419,1,'2020-08-31 15:49:35'),(1256,419,2,'2020-08-31 15:54:35'),(1257,419,3,'2020-08-31 17:38:35'),(1258,420,1,'2020-03-15 16:36:56'),(1259,420,2,'2020-03-15 16:41:56'),(1260,420,3,'2020-03-15 18:04:56'),(1261,421,1,'2020-06-08 22:17:21'),(1262,421,2,'2020-06-08 22:22:21'),(1263,421,3,'2020-06-08 22:42:21'),(1264,422,1,'2020-07-25 16:37:19'),(1265,422,2,'2020-07-25 16:42:19'),(1266,422,3,'2020-07-25 17:09:19'),(1267,423,1,'2020-02-25 23:05:37'),(1268,423,2,'2020-02-25 23:10:37'),(1269,423,3,'2020-02-25 23:44:37'),(1270,424,1,'2020-08-20 23:29:11'),(1271,424,2,'2020-08-20 23:34:11'),(1272,424,3,'2020-08-21 00:50:11'),(1273,425,1,'2020-03-08 08:37:11'),(1274,425,2,'2020-03-08 08:42:11'),(1275,425,3,'2020-03-08 09:02:11'),(1276,426,1,'2020-04-08 13:56:54'),(1277,426,2,'2020-04-08 14:01:54'),(1278,426,3,'2020-04-08 15:38:54'),(1279,427,1,'2020-03-24 12:33:34'),(1280,427,2,'2020-03-24 12:38:34'),(1281,427,3,'2020-03-24 13:33:34'),(1282,428,1,'2020-03-08 09:50:22'),(1283,428,2,'2020-03-08 09:55:22'),(1284,428,3,'2020-03-08 10:29:22'),(1285,429,1,'2020-07-13 03:31:45'),(1286,429,2,'2020-07-13 03:36:45'),(1287,429,3,'2020-07-13 04:52:45'),(1288,430,1,'2020-10-08 01:34:28'),(1289,430,2,'2020-10-08 01:39:28'),(1290,430,3,'2020-10-08 03:02:28'),(1291,431,1,'2020-09-29 08:58:51'),(1292,431,2,'2020-09-29 09:03:51'),(1293,431,3,'2020-09-29 11:08:51'),(1294,432,1,'2020-04-05 19:42:28'),(1295,432,2,'2020-04-05 19:47:28'),(1296,432,3,'2020-04-05 20:42:28'),(1297,433,1,'2020-04-08 14:19:54'),(1298,433,2,'2020-04-08 14:24:54'),(1299,433,3,'2020-04-08 15:12:54'),(1300,434,1,'2020-04-25 10:01:51'),(1301,434,2,'2020-04-25 10:06:51'),(1302,434,3,'2020-04-25 10:33:51'),(1303,435,1,'2020-05-19 17:09:10'),(1304,435,2,'2020-05-19 17:14:10'),(1305,435,3,'2020-05-19 18:09:10'),(1306,436,1,'2020-02-29 10:12:06'),(1307,436,2,'2020-02-29 10:17:06'),(1308,436,3,'2020-02-29 11:05:06'),(1309,437,1,'2020-05-16 10:30:28'),(1310,437,2,'2020-05-16 10:35:28'),(1311,437,3,'2020-05-16 12:40:28'),(1312,438,1,'2020-09-05 02:53:30'),(1313,438,2,'2020-09-05 02:58:30'),(1314,438,3,'2020-09-05 04:21:30'),(1315,439,1,'2020-08-08 10:27:24'),(1316,439,2,'2020-08-08 10:32:24'),(1317,439,3,'2020-08-08 10:52:24'),(1318,440,1,'2020-08-14 09:21:34'),(1319,440,2,'2020-08-14 09:26:34'),(1320,440,3,'2020-08-14 10:07:34'),(1321,441,1,'2020-08-08 09:45:48'),(1322,441,2,'2020-08-08 09:50:48'),(1323,441,3,'2020-08-08 11:13:48'),(1324,442,1,'2020-12-11 17:20:27'),(1325,442,2,'2020-12-11 17:25:27'),(1326,442,3,'2020-12-11 18:13:27'),(1327,443,1,'2020-09-08 19:17:58'),(1328,443,2,'2020-09-08 19:22:58'),(1329,443,3,'2020-09-08 19:56:58'),(1330,444,1,'2020-06-24 03:21:00'),(1331,444,2,'2020-06-24 03:26:00'),(1332,444,4,'2020-06-24 04:00:00'),(1333,445,1,'2020-03-28 03:36:42'),(1334,445,2,'2020-03-28 03:41:42'),(1335,445,3,'2020-03-28 04:08:42'),(1336,446,1,'2020-03-08 08:59:40'),(1337,446,2,'2020-03-08 09:04:40'),(1338,446,3,'2020-03-08 10:13:40'),(1339,447,1,'2020-09-02 20:06:04'),(1340,447,2,'2020-09-02 20:11:04'),(1341,447,3,'2020-09-02 22:02:04'),(1342,448,1,'2020-07-31 02:59:04'),(1343,448,2,'2020-07-31 03:04:04'),(1344,448,3,'2020-07-31 04:41:04'),(1345,449,1,'2020-11-25 23:20:39'),(1346,449,2,'2020-11-25 23:25:39'),(1347,449,3,'2020-11-26 01:02:39'),(1348,450,1,'2020-07-14 13:26:50'),(1349,450,2,'2020-07-14 13:31:50'),(1350,450,3,'2020-07-14 13:58:50'),(1351,451,1,'2020-07-30 17:37:27'),(1352,451,2,'2020-07-30 17:42:27'),(1353,451,3,'2020-07-30 18:51:27'),(1354,452,1,'2020-11-22 00:13:18'),(1355,452,2,'2020-11-22 00:18:18'),(1356,452,3,'2020-11-22 00:59:18'),(1357,453,1,'2020-10-24 07:07:00'),(1358,453,2,'2020-10-24 07:12:00'),(1359,453,4,'2020-10-24 08:00:00'),(1360,454,1,'2020-09-29 07:11:23'),(1361,454,2,'2020-09-29 07:16:23'),(1362,454,3,'2020-09-29 08:53:23'),(1363,455,1,'2020-05-19 16:41:49'),(1364,455,2,'2020-05-19 16:46:49'),(1365,455,3,'2020-05-19 17:48:49'),(1366,456,1,'2020-02-22 11:09:35'),(1367,456,2,'2020-02-22 11:14:35'),(1368,456,3,'2020-02-22 12:09:35'),(1369,457,1,'2020-08-05 08:07:16'),(1370,457,2,'2020-08-05 08:12:16'),(1371,457,3,'2020-08-05 08:46:16'),(1372,458,1,'2020-08-19 01:25:44'),(1373,458,2,'2020-08-19 01:30:44'),(1374,458,3,'2020-08-19 03:14:44'),(1375,459,1,'2020-05-08 13:49:24'),(1376,459,2,'2020-05-08 13:54:24'),(1377,459,3,'2020-05-08 14:35:24'),(1378,460,1,'2020-07-14 13:26:53'),(1379,460,2,'2020-07-14 13:31:53'),(1380,460,3,'2020-07-14 14:12:53'),(1381,461,1,'2020-12-04 02:27:52'),(1382,461,2,'2020-12-04 02:32:52'),(1383,461,3,'2020-12-04 03:41:52'),(1384,462,1,'2020-08-31 11:55:56'),(1385,462,2,'2020-08-31 12:00:56'),(1386,462,3,'2020-08-31 13:37:56'),(1387,463,1,'2020-10-09 01:33:39'),(1388,463,2,'2020-10-09 01:38:39'),(1389,463,3,'2020-10-09 02:12:39'),(1390,464,1,'2020-10-11 05:50:00'),(1391,464,2,'2020-10-11 05:55:00'),(1392,464,4,'2020-10-11 08:00:00'),(1393,465,1,'2020-07-31 03:25:17'),(1394,465,2,'2020-07-31 03:30:17'),(1395,465,3,'2020-07-31 05:35:17'),(1396,466,1,'2020-01-06 16:37:31'),(1397,466,2,'2020-01-06 16:42:31'),(1398,466,3,'2020-01-06 17:51:31'),(1399,467,1,'2020-05-06 23:21:00'),(1400,467,2,'2020-05-06 23:26:00'),(1401,467,4,'2020-05-07 00:00:00'),(1402,468,1,'2020-07-12 09:49:05'),(1403,468,2,'2020-07-12 09:54:05'),(1404,468,3,'2020-07-12 11:10:05'),(1405,469,1,'2020-07-18 08:59:59'),(1406,469,2,'2020-07-18 09:04:59'),(1407,469,3,'2020-07-18 09:59:59'),(1408,470,1,'2020-07-31 04:18:31'),(1409,470,2,'2020-07-31 04:23:31'),(1410,470,3,'2020-07-31 04:57:31'),(1411,471,1,'2020-05-24 11:32:19'),(1412,471,2,'2020-05-24 11:37:19'),(1413,471,3,'2020-05-24 12:32:19'),(1414,472,1,'2020-06-08 21:09:20'),(1415,472,2,'2020-06-08 21:14:20'),(1416,472,3,'2020-06-08 22:30:20'),(1417,473,1,'2020-10-28 11:20:34'),(1418,473,2,'2020-10-28 11:25:34'),(1419,473,3,'2020-10-28 11:45:34'),(1420,474,1,'2020-02-19 17:58:56'),(1421,474,2,'2020-02-19 18:03:56'),(1422,474,3,'2020-02-19 20:08:56'),(1423,475,1,'2020-06-29 23:27:59'),(1424,475,2,'2020-06-29 23:32:59'),(1425,475,3,'2020-06-30 00:55:59'),(1426,476,1,'2020-12-12 22:40:48'),(1427,476,2,'2020-12-12 22:45:48'),(1428,476,3,'2020-12-13 00:22:48'),(1429,477,1,'2020-02-22 10:23:15'),(1430,477,2,'2020-02-22 10:28:15'),(1431,477,3,'2020-02-22 12:12:15'),(1432,478,1,'2020-06-27 06:54:39'),(1433,478,2,'2020-06-27 06:59:39'),(1434,478,3,'2020-06-27 08:50:39'),(1435,479,1,'2020-03-08 08:27:17'),(1436,479,2,'2020-03-08 08:32:17'),(1437,479,3,'2020-03-08 10:16:17'),(1438,480,1,'2020-04-02 23:19:08'),(1439,480,2,'2020-04-02 23:24:08'),(1440,480,3,'2020-04-03 00:54:08'),(1441,481,1,'2020-11-28 08:45:13'),(1442,481,2,'2020-11-28 08:50:13'),(1443,481,3,'2020-11-28 09:45:13'),(1444,482,1,'2020-08-15 04:35:46'),(1445,482,2,'2020-08-15 04:40:46'),(1446,482,3,'2020-08-15 05:49:46'),(1447,483,1,'2020-06-09 21:11:48'),(1448,483,2,'2020-06-09 21:16:48'),(1449,483,3,'2020-06-09 22:04:48'),(1450,484,1,'2020-08-21 00:02:21'),(1451,484,2,'2020-08-21 00:07:21'),(1452,484,3,'2020-08-21 01:02:21'),(1453,485,1,'2020-05-05 00:30:36'),(1454,485,2,'2020-05-05 00:35:36'),(1455,485,3,'2020-05-05 02:26:36'),(1456,486,1,'2020-01-27 08:01:58'),(1457,486,2,'2020-01-27 08:06:58'),(1458,486,3,'2020-01-27 10:04:58'),(1459,487,1,'2020-06-14 17:52:44'),(1460,487,2,'2020-06-14 17:57:44'),(1461,487,3,'2020-06-14 18:52:44'),(1462,488,1,'2020-01-29 04:32:12'),(1463,488,2,'2020-01-29 04:37:12'),(1464,488,3,'2020-01-29 05:39:12'),(1465,489,1,'2020-04-25 21:22:02'),(1466,489,2,'2020-04-25 21:27:02'),(1467,489,3,'2020-04-25 22:01:02'),(1468,490,1,'2020-05-30 06:43:38'),(1469,490,2,'2020-05-30 06:48:38'),(1470,490,3,'2020-05-30 07:57:38'),(1471,491,1,'2020-10-03 00:25:20'),(1472,491,2,'2020-10-03 00:30:20'),(1473,491,3,'2020-10-03 01:39:20'),(1474,492,1,'2020-06-13 03:13:57'),(1475,492,2,'2020-06-13 03:18:57'),(1476,492,3,'2020-06-13 05:23:57'),(1477,493,1,'2020-06-01 01:06:21'),(1478,493,2,'2020-06-01 01:11:21'),(1479,493,3,'2020-06-01 01:31:21'),(1480,494,1,'2020-06-28 14:11:55'),(1481,494,2,'2020-06-28 14:16:55'),(1482,494,3,'2020-06-28 15:18:55'),(1483,495,1,'2020-11-08 05:44:22'),(1484,495,2,'2020-11-08 05:49:22'),(1485,495,3,'2020-11-08 06:51:22'),(1486,496,1,'2020-11-05 08:25:16'),(1487,496,2,'2020-11-05 08:30:16'),(1488,496,3,'2020-11-05 10:28:16'),(1489,497,1,'2020-07-25 16:55:08'),(1490,497,2,'2020-07-25 17:00:08'),(1491,497,3,'2020-07-25 18:02:08'),(1492,498,1,'2020-07-22 09:59:02'),(1493,498,2,'2020-07-22 10:04:02'),(1494,498,3,'2020-07-22 11:20:02'),(1495,499,1,'2020-08-25 05:29:58'),(1496,499,2,'2020-08-25 05:34:58'),(1497,499,3,'2020-08-25 07:39:58'),(1498,500,1,'2020-11-04 11:28:00'),(1499,500,2,'2020-11-04 11:33:00'),(1500,500,4,'2020-11-04 12:00:00'),(1501,501,1,'2020-11-03 20:39:45'),(1502,501,2,'2020-11-03 20:44:45'),(1503,501,3,'2020-11-03 21:11:45'),(1504,502,1,'2020-03-18 19:10:21'),(1505,502,2,'2020-03-18 19:15:21'),(1506,502,3,'2020-03-18 20:10:21'),(1507,503,1,'2020-04-12 10:58:21'),(1508,503,2,'2020-04-12 11:03:21'),(1509,503,3,'2020-04-12 12:05:21'),(1510,504,1,'2020-03-19 22:34:17'),(1511,504,2,'2020-03-19 22:39:17'),(1512,504,3,'2020-03-20 00:30:17'),(1513,505,1,'2020-10-29 18:40:46'),(1514,505,2,'2020-10-29 18:45:46'),(1515,505,3,'2020-10-29 19:33:46'),(1516,506,1,'2020-12-13 00:37:49'),(1517,506,2,'2020-12-13 00:42:49'),(1518,506,3,'2020-12-13 02:26:49'),(1519,507,1,'2020-04-06 16:54:15'),(1520,507,2,'2020-04-06 16:59:15'),(1521,507,3,'2020-04-06 17:40:15'),(1522,508,1,'2020-06-18 20:25:37'),(1523,508,2,'2020-06-18 20:30:37'),(1524,508,3,'2020-06-18 20:57:37'),(1525,509,1,'2020-05-04 23:34:07'),(1526,509,2,'2020-05-04 23:39:07'),(1527,509,3,'2020-05-05 01:16:07'),(1528,510,1,'2020-06-27 09:54:39'),(1529,510,2,'2020-06-27 09:59:39'),(1530,510,3,'2020-06-27 10:40:39'),(1531,511,1,'2020-11-28 07:58:16'),(1532,511,2,'2020-11-28 08:03:16'),(1533,511,3,'2020-11-28 09:33:16'),(1534,512,1,'2020-07-12 11:00:36'),(1535,512,2,'2020-07-12 11:05:36'),(1536,512,3,'2020-07-12 11:39:36'),(1537,513,1,'2020-01-23 18:29:24'),(1538,513,2,'2020-01-23 18:34:24'),(1539,513,3,'2020-01-23 20:39:24'),(1540,514,1,'2020-07-28 12:40:44'),(1541,514,2,'2020-07-28 12:45:44'),(1542,514,3,'2020-07-28 14:22:44'),(1543,515,1,'2020-04-09 10:12:09'),(1544,515,2,'2020-04-09 10:17:09'),(1545,515,3,'2020-04-09 11:33:09'),(1546,516,1,'2020-04-11 23:51:48'),(1547,516,2,'2020-04-11 23:56:48'),(1548,516,3,'2020-04-12 01:05:48'),(1549,517,1,'2020-04-03 01:40:35'),(1550,517,2,'2020-04-03 01:45:35'),(1551,517,3,'2020-04-03 03:43:35'),(1552,518,1,'2020-03-15 17:52:28'),(1553,518,2,'2020-03-15 17:57:28'),(1554,518,3,'2020-03-15 18:45:28'),(1555,519,1,'2020-12-13 00:50:32'),(1556,519,2,'2020-12-13 00:55:32'),(1557,519,3,'2020-12-13 02:32:32'),(1558,520,1,'2020-08-05 02:12:29'),(1559,520,2,'2020-08-05 02:17:29'),(1560,520,3,'2020-08-05 02:44:29'),(1561,521,1,'2020-01-10 07:41:10'),(1562,521,2,'2020-01-10 07:46:10'),(1563,521,3,'2020-01-10 09:44:10'),(1564,522,1,'2020-05-05 00:14:26'),(1565,522,2,'2020-05-05 00:19:26'),(1566,522,3,'2020-05-05 01:28:26'),(1567,523,1,'2020-06-17 12:30:49'),(1568,523,2,'2020-06-17 12:35:49'),(1569,523,3,'2020-06-17 14:19:49'),(1570,524,1,'2020-08-05 01:38:30'),(1571,524,2,'2020-08-05 01:43:30'),(1572,524,3,'2020-08-05 02:17:30'),(1573,525,1,'2020-08-10 15:21:00'),(1574,525,2,'2020-08-10 15:26:00'),(1575,525,4,'2020-08-10 16:00:00'),(1576,526,1,'2020-08-29 16:39:53'),(1577,526,2,'2020-08-29 16:44:53'),(1578,526,3,'2020-08-29 17:32:53'),(1579,527,1,'2020-11-07 10:36:13'),(1580,527,2,'2020-11-07 10:41:13'),(1581,527,3,'2020-11-07 11:22:13'),(1582,528,1,'2020-11-28 14:18:05'),(1583,528,2,'2020-11-28 14:23:05'),(1584,528,3,'2020-11-28 16:14:05'),(1585,529,1,'2020-04-25 18:35:29'),(1586,529,2,'2020-04-25 18:40:29'),(1587,529,3,'2020-04-25 20:03:29'),(1588,530,1,'2020-01-26 18:12:46'),(1589,530,2,'2020-01-26 18:17:46'),(1590,530,3,'2020-01-26 19:40:46'),(1591,531,1,'2020-11-18 07:43:58'),(1592,531,2,'2020-11-18 07:48:58'),(1593,531,3,'2020-11-18 09:46:58'),(1594,532,1,'2020-03-18 19:00:06'),(1595,532,2,'2020-03-18 19:05:06'),(1596,532,3,'2020-03-18 20:07:06'),(1597,533,1,'2020-11-23 05:51:15'),(1598,533,2,'2020-11-23 05:56:15'),(1599,533,3,'2020-11-23 07:19:15'),(1600,534,1,'2020-10-29 16:13:01'),(1601,534,2,'2020-10-29 16:18:01'),(1602,534,3,'2020-10-29 17:48:01'),(1603,535,1,'2020-06-27 08:30:23'),(1604,535,2,'2020-06-27 08:35:23'),(1605,535,3,'2020-06-27 09:44:23'),(1606,536,1,'2020-07-19 18:46:00'),(1607,536,2,'2020-07-19 18:51:00'),(1608,536,4,'2020-07-19 20:00:00'),(1609,537,1,'2020-01-14 12:06:25'),(1610,537,2,'2020-01-14 12:11:25'),(1611,537,3,'2020-01-14 13:48:25'),(1612,538,1,'2020-11-29 11:46:49'),(1613,538,2,'2020-11-29 11:51:49'),(1614,538,3,'2020-11-29 13:07:49'),(1615,539,1,'2020-06-27 02:32:00'),(1616,539,2,'2020-06-27 02:37:00'),(1617,539,4,'2020-06-27 04:00:00'),(1618,540,1,'2020-08-08 00:16:12'),(1619,540,2,'2020-08-08 00:21:12'),(1620,540,3,'2020-08-08 01:51:12'),(1621,541,1,'2020-08-18 16:31:24'),(1622,541,2,'2020-08-18 16:36:24'),(1623,541,3,'2020-08-18 17:38:24'),(1624,542,1,'2020-10-16 15:11:17'),(1625,542,2,'2020-10-16 15:16:17'),(1626,542,3,'2020-10-16 16:32:17'),(1627,543,1,'2020-06-27 05:46:39'),(1628,543,2,'2020-06-27 05:51:39'),(1629,543,3,'2020-06-27 07:14:39'),(1630,544,1,'2020-06-13 03:56:18'),(1631,544,2,'2020-06-13 04:01:18'),(1632,544,3,'2020-06-13 04:35:18'),(1633,545,1,'2020-01-25 10:40:18'),(1634,545,2,'2020-01-25 10:45:18'),(1635,545,3,'2020-01-25 11:19:18'),(1636,546,1,'2020-11-28 02:44:37'),(1637,546,2,'2020-11-28 02:49:37'),(1638,546,3,'2020-11-28 03:44:37'),(1639,547,1,'2020-02-29 07:55:24'),(1640,547,2,'2020-02-29 08:00:24'),(1641,547,3,'2020-02-29 09:02:24'),(1642,548,1,'2020-12-04 04:38:03'),(1643,548,2,'2020-12-04 04:43:03'),(1644,548,3,'2020-12-04 05:17:03'),(1645,549,1,'2020-06-09 23:23:01'),(1646,549,2,'2020-06-09 23:28:01'),(1647,549,3,'2020-06-10 00:16:01'),(1648,550,1,'2020-06-08 22:02:48'),(1649,550,2,'2020-06-08 22:07:48'),(1650,550,3,'2020-06-08 23:16:48'),(1651,551,1,'2020-09-08 17:39:07'),(1652,551,2,'2020-09-08 17:44:07'),(1653,551,3,'2020-09-08 19:07:07'),(1654,552,1,'2020-05-18 10:26:44'),(1655,552,2,'2020-05-18 10:31:44'),(1656,552,3,'2020-05-18 11:05:44'),(1657,553,1,'2020-07-22 01:24:30'),(1658,553,2,'2020-07-22 01:29:30'),(1659,553,3,'2020-07-22 02:59:30'),(1660,554,1,'2020-07-25 17:03:38'),(1661,554,2,'2020-07-25 17:08:38'),(1662,554,3,'2020-07-25 18:38:38'),(1663,555,1,'2020-04-09 07:22:14'),(1664,555,2,'2020-04-09 07:27:14'),(1665,555,3,'2020-04-09 08:43:14'),(1666,556,1,'2020-06-27 05:30:33'),(1667,556,2,'2020-06-27 05:35:33'),(1668,556,3,'2020-06-27 07:26:33'),(1669,557,1,'2020-05-19 01:33:38'),(1670,557,2,'2020-05-19 01:38:38'),(1671,557,3,'2020-05-19 02:47:38'),(1672,558,1,'2020-06-21 18:20:43'),(1673,558,2,'2020-06-21 18:25:43'),(1674,558,3,'2020-06-21 20:16:43'),(1675,559,1,'2020-07-12 04:19:17'),(1676,559,2,'2020-07-12 04:24:17'),(1677,559,3,'2020-07-12 05:47:17'),(1678,560,1,'2020-07-24 00:27:12'),(1679,560,2,'2020-07-24 00:32:12'),(1680,560,3,'2020-07-24 02:16:12'),(1681,561,1,'2020-07-19 16:41:58'),(1682,561,2,'2020-07-19 16:46:58'),(1683,561,3,'2020-07-19 18:51:58'),(1684,562,1,'2020-01-04 22:04:12'),(1685,562,2,'2020-01-04 22:09:12'),(1686,562,3,'2020-01-05 00:07:12'),(1687,563,1,'2020-11-28 07:00:18'),(1688,563,2,'2020-11-28 07:05:18'),(1689,563,3,'2020-11-28 08:49:18'),(1690,564,1,'2020-04-13 07:23:45'),(1691,564,2,'2020-04-13 07:28:45'),(1692,564,3,'2020-04-13 08:23:45'),(1693,565,1,'2020-12-13 11:57:27'),(1694,565,2,'2020-12-13 12:02:27'),(1695,565,3,'2020-12-13 13:18:27'),(1696,566,1,'2020-03-09 19:43:11'),(1697,566,2,'2020-03-09 19:48:11'),(1698,566,3,'2020-03-09 21:11:11'),(1699,567,1,'2020-04-12 10:04:54'),(1700,567,2,'2020-04-12 10:09:54'),(1701,567,3,'2020-04-12 11:18:54'),(1702,568,1,'2020-06-20 20:59:09'),(1703,568,2,'2020-06-20 21:04:09'),(1704,568,3,'2020-06-20 22:34:09'),(1705,569,1,'2020-02-18 23:35:00'),(1706,569,2,'2020-02-18 23:40:00'),(1707,569,4,'2020-02-19 00:00:00'),(1708,570,1,'2020-03-25 07:00:00'),(1709,570,2,'2020-03-25 07:05:00'),(1710,570,4,'2020-03-25 08:00:00'),(1711,571,1,'2020-03-20 02:06:43'),(1712,571,2,'2020-03-20 02:11:43'),(1713,571,3,'2020-03-20 04:09:43'),(1714,572,1,'2020-07-28 19:35:00'),(1715,572,2,'2020-07-28 19:40:00'),(1716,572,4,'2020-07-28 20:00:00'),(1717,573,1,'2020-08-29 16:17:10'),(1718,573,2,'2020-08-29 16:22:10'),(1719,573,3,'2020-08-29 18:06:10'),(1720,574,1,'2020-06-05 22:28:12'),(1721,574,2,'2020-06-05 22:33:12'),(1722,574,3,'2020-06-06 00:03:12'),(1723,575,1,'2020-07-04 09:38:40'),(1724,575,2,'2020-07-04 09:43:40'),(1725,575,3,'2020-07-04 10:45:40'),(1726,576,1,'2020-06-01 02:02:35'),(1727,576,2,'2020-06-01 02:07:35'),(1728,576,3,'2020-06-01 03:30:35'),(1729,577,1,'2020-05-08 02:12:35'),(1730,577,2,'2020-05-08 02:17:35'),(1731,577,3,'2020-05-08 03:54:35'),(1732,578,1,'2020-07-28 11:51:19'),(1733,578,2,'2020-07-28 11:56:19'),(1734,578,3,'2020-07-28 13:40:19'),(1735,579,1,'2020-06-04 14:25:00'),(1736,579,2,'2020-06-04 14:30:00'),(1737,579,4,'2020-06-04 16:00:00'),(1738,580,1,'2020-09-18 13:58:36'),(1739,580,2,'2020-09-18 14:03:36'),(1740,580,3,'2020-09-18 14:51:36'),(1741,581,1,'2020-06-26 18:32:00'),(1742,581,2,'2020-06-26 18:37:00'),(1743,581,4,'2020-06-26 20:00:00'),(1744,582,1,'2020-09-29 10:10:45'),(1745,582,2,'2020-09-29 10:15:45'),(1746,582,3,'2020-09-29 11:38:45'),(1747,583,1,'2020-06-12 12:18:59'),(1748,583,2,'2020-06-12 12:23:59'),(1749,583,3,'2020-06-12 13:18:59'),(1750,584,1,'2020-03-13 08:38:41'),(1751,584,2,'2020-03-13 08:43:41'),(1752,584,3,'2020-03-13 09:10:41'),(1753,585,1,'2020-06-13 22:22:30'),(1754,585,2,'2020-06-13 22:27:30'),(1755,585,3,'2020-06-13 23:01:30'),(1756,586,1,'2020-07-19 16:35:04'),(1757,586,2,'2020-07-19 16:40:04'),(1758,586,3,'2020-07-19 18:31:04'),(1759,587,1,'2020-04-11 23:54:53'),(1760,587,2,'2020-04-11 23:59:53'),(1761,587,3,'2020-04-12 01:57:53'),(1762,588,1,'2020-12-21 07:28:00'),(1763,588,2,'2020-12-21 07:33:00'),(1764,588,4,'2020-12-21 08:00:00'),(1765,589,1,'2020-08-08 04:12:24'),(1766,589,2,'2020-08-08 04:17:24'),(1767,589,3,'2020-08-08 05:19:24'),(1768,590,1,'2020-04-08 08:15:18'),(1769,590,2,'2020-04-08 08:20:18'),(1770,590,3,'2020-04-08 09:36:18'),(1771,591,1,'2020-12-04 03:03:06'),(1772,591,2,'2020-12-04 03:08:06'),(1773,591,3,'2020-12-04 04:24:06'),(1774,592,1,'2020-11-03 10:11:57'),(1775,592,2,'2020-11-03 10:16:57'),(1776,592,3,'2020-11-03 10:57:57'),(1777,593,1,'2020-02-29 03:30:30'),(1778,593,2,'2020-02-29 03:35:30'),(1779,593,3,'2020-02-29 05:33:30'),(1780,594,1,'2020-05-16 08:12:41'),(1781,594,2,'2020-05-16 08:17:41'),(1782,594,3,'2020-05-16 10:08:41'),(1783,595,1,'2020-07-01 14:41:12'),(1784,595,2,'2020-07-01 14:46:12'),(1785,595,3,'2020-07-01 16:37:12'),(1786,596,1,'2020-09-29 08:49:01'),(1787,596,2,'2020-09-29 08:54:01'),(1788,596,3,'2020-09-29 10:52:01'),(1789,597,1,'2020-06-13 02:23:24'),(1790,597,2,'2020-06-13 02:28:24'),(1791,597,3,'2020-06-13 03:58:24'),(1792,598,1,'2020-06-08 21:56:07'),(1793,598,2,'2020-06-08 22:01:07'),(1794,598,3,'2020-06-08 22:35:07'),(1795,599,1,'2020-12-13 07:28:06'),(1796,599,2,'2020-12-13 07:33:06'),(1797,599,3,'2020-12-13 09:03:06'),(1798,600,1,'2020-12-08 02:47:35'),(1799,600,2,'2020-12-08 02:52:35'),(1800,600,3,'2020-12-08 04:08:35'),(1801,601,1,'2020-05-05 01:23:54'),(1802,601,2,'2020-05-05 01:28:54'),(1803,601,3,'2020-05-05 02:30:54'),(1804,602,1,'2020-12-04 07:52:47'),(1805,602,2,'2020-12-04 07:57:47'),(1806,602,3,'2020-12-04 09:48:47'),(1807,603,1,'2020-08-21 21:43:56'),(1808,603,2,'2020-08-21 21:48:56'),(1809,603,3,'2020-08-21 22:22:56'),(1810,604,1,'2020-02-29 09:32:04'),(1811,604,2,'2020-02-29 09:37:04'),(1812,604,3,'2020-02-29 11:14:04'),(1813,605,1,'2020-08-22 11:17:20'),(1814,605,2,'2020-08-22 11:22:20'),(1815,605,3,'2020-08-22 12:59:20'),(1816,606,1,'2020-08-18 17:10:46'),(1817,606,2,'2020-08-18 17:15:46'),(1818,606,3,'2020-08-18 17:56:46'),(1819,607,1,'2020-03-07 13:01:26'),(1820,607,2,'2020-03-07 13:06:26'),(1821,607,3,'2020-03-07 13:33:26'),(1822,608,1,'2020-11-07 09:23:39'),(1823,608,2,'2020-11-07 09:28:39'),(1824,608,3,'2020-11-07 11:05:39'),(1825,609,1,'2020-06-02 01:31:47'),(1826,609,2,'2020-06-02 01:36:47'),(1827,609,3,'2020-06-02 02:17:47'),(1828,610,1,'2020-05-05 02:03:23'),(1829,610,2,'2020-05-05 02:08:23'),(1830,610,3,'2020-05-05 03:24:23'),(1831,611,1,'2020-08-18 15:18:24'),(1832,611,2,'2020-08-18 15:23:24'),(1833,611,3,'2020-08-18 15:57:24'),(1834,612,1,'2020-02-29 10:24:38'),(1835,612,2,'2020-02-29 10:29:38'),(1836,612,3,'2020-02-29 11:10:38'),(1837,613,1,'2020-12-08 02:11:12'),(1838,613,2,'2020-12-08 02:16:12'),(1839,613,3,'2020-12-08 03:04:12'),(1840,614,1,'2020-02-16 17:47:01'),(1841,614,2,'2020-02-16 17:52:01'),(1842,614,3,'2020-02-16 18:54:01'),(1843,615,1,'2020-12-09 07:48:35'),(1844,615,2,'2020-12-09 07:53:35'),(1845,615,3,'2020-12-09 09:23:35'),(1846,616,1,'2020-03-18 20:05:47'),(1847,616,2,'2020-03-18 20:10:47'),(1848,616,3,'2020-03-18 21:19:47'),(1849,617,1,'2020-06-27 07:29:36'),(1850,617,2,'2020-06-27 07:34:36'),(1851,617,3,'2020-06-27 09:32:36'),(1852,618,1,'2020-08-31 16:44:02'),(1853,618,2,'2020-08-31 16:49:02'),(1854,618,3,'2020-08-31 17:23:02'),(1855,619,1,'2020-11-28 15:06:37'),(1856,619,2,'2020-11-28 15:11:37'),(1857,619,3,'2020-11-28 17:02:37'),(1858,620,1,'2020-12-04 07:30:18'),(1859,620,2,'2020-12-04 07:35:18'),(1860,620,3,'2020-12-04 09:05:18'),(1861,621,1,'2020-05-18 00:32:30'),(1862,621,2,'2020-05-18 00:37:30'),(1863,621,3,'2020-05-18 02:28:30'),(1864,622,1,'2020-11-21 23:11:30'),(1865,622,2,'2020-11-21 23:16:30'),(1866,622,3,'2020-11-22 00:53:30'),(1867,623,1,'2020-06-27 15:28:22'),(1868,623,2,'2020-06-27 15:33:22'),(1869,623,3,'2020-06-27 17:38:22'),(1870,624,1,'2020-07-19 17:21:19'),(1871,624,2,'2020-07-19 17:26:19'),(1872,624,3,'2020-07-19 18:21:19'),(1873,625,1,'2020-08-05 07:52:23'),(1874,625,2,'2020-08-05 07:57:23'),(1875,625,3,'2020-08-05 08:52:23'),(1876,626,1,'2020-02-13 21:41:18'),(1877,626,2,'2020-02-13 21:46:18'),(1878,626,3,'2020-02-13 22:20:18'),(1879,627,1,'2020-01-13 18:32:13'),(1880,627,2,'2020-01-13 18:37:13'),(1881,627,3,'2020-01-13 19:25:13'),(1882,628,1,'2020-06-27 10:50:28'),(1883,628,2,'2020-06-27 10:55:28'),(1884,628,3,'2020-06-27 11:22:28'),(1885,629,1,'2020-03-19 22:39:21'),(1886,629,2,'2020-03-19 22:44:21'),(1887,629,3,'2020-03-20 00:42:21'),(1888,630,1,'2020-02-09 01:15:48'),(1889,630,2,'2020-02-09 01:20:48'),(1890,630,3,'2020-02-09 03:11:48'),(1891,631,1,'2020-05-19 19:05:36'),(1892,631,2,'2020-05-19 19:10:36'),(1893,631,3,'2020-05-19 20:26:36'),(1894,632,1,'2020-06-21 16:10:07'),(1895,632,2,'2020-06-21 16:15:07'),(1896,632,3,'2020-06-21 18:20:07'),(1897,633,1,'2020-05-11 11:51:03'),(1898,633,2,'2020-05-11 11:56:03'),(1899,633,3,'2020-05-11 13:33:03'),(1900,634,1,'2020-06-04 17:14:49'),(1901,634,2,'2020-06-04 17:19:49'),(1902,634,3,'2020-06-04 18:07:49'),(1903,635,1,'2020-11-05 09:51:05'),(1904,635,2,'2020-11-05 09:56:05'),(1905,635,3,'2020-11-05 10:44:05'),(1906,636,1,'2020-06-04 16:52:55'),(1907,636,2,'2020-06-04 16:57:55'),(1908,636,3,'2020-06-04 18:55:55'),(1909,637,1,'2020-09-17 14:46:00'),(1910,637,2,'2020-09-17 14:51:00'),(1911,637,4,'2020-09-17 16:00:00'),(1912,638,1,'2020-03-09 19:53:47'),(1913,638,2,'2020-03-09 19:58:47'),(1914,638,3,'2020-03-09 21:28:47'),(1915,639,1,'2020-09-18 16:58:20'),(1916,639,2,'2020-09-18 17:03:20'),(1917,639,3,'2020-09-18 17:58:20'),(1918,640,1,'2020-08-08 09:39:05'),(1919,640,2,'2020-08-08 09:44:05'),(1920,640,3,'2020-08-08 11:07:05'),(1921,641,1,'2020-06-27 17:26:29'),(1922,641,2,'2020-06-27 17:31:29'),(1923,641,3,'2020-06-27 18:12:29'),(1924,642,1,'2020-06-28 09:23:28'),(1925,642,2,'2020-06-28 09:28:28'),(1926,642,3,'2020-06-28 11:26:28'),(1927,643,1,'2020-09-08 16:37:53'),(1928,643,2,'2020-09-08 16:42:53'),(1929,643,3,'2020-09-08 18:47:53'),(1930,644,1,'2020-09-04 22:11:14'),(1931,644,2,'2020-09-04 22:16:14'),(1932,644,3,'2020-09-05 00:00:14'),(1933,645,1,'2020-06-06 08:13:13'),(1934,645,2,'2020-06-06 08:18:13'),(1935,645,3,'2020-06-06 10:09:13'),(1936,646,1,'2020-03-13 07:51:28'),(1937,646,2,'2020-03-13 07:56:28'),(1938,646,3,'2020-03-13 09:54:28'),(1939,647,1,'2020-09-09 06:29:56'),(1940,647,2,'2020-09-09 06:34:56'),(1941,647,3,'2020-09-09 08:18:56'),(1942,648,1,'2020-06-07 08:41:33'),(1943,648,2,'2020-06-07 08:46:33'),(1944,648,3,'2020-06-07 09:27:33'),(1945,649,1,'2020-12-04 09:14:31'),(1946,649,2,'2020-12-04 09:19:31'),(1947,649,3,'2020-12-04 09:46:31'),(1948,650,1,'2020-03-09 19:16:35'),(1949,650,2,'2020-03-09 19:21:35'),(1950,650,3,'2020-03-09 20:02:35'),(1951,651,1,'2020-06-28 10:00:06'),(1952,651,2,'2020-06-28 10:05:06'),(1953,651,3,'2020-06-28 11:07:06'),(1954,652,1,'2020-08-05 00:58:07'),(1955,652,2,'2020-08-05 01:03:07'),(1956,652,3,'2020-08-05 01:37:07'),(1957,653,1,'2020-12-03 20:17:00'),(1958,653,2,'2020-12-03 20:22:00'),(1959,653,3,'2020-12-03 21:24:00'),(1960,654,1,'2020-06-18 20:17:58'),(1961,654,2,'2020-06-18 20:22:58'),(1962,654,3,'2020-06-18 20:49:58'),(1963,655,1,'2020-12-22 09:50:00'),(1964,655,2,'2020-12-22 09:55:00'),(1965,655,3,'2020-12-22 10:43:00'),(1966,656,1,'2020-12-11 16:38:52'),(1967,656,2,'2020-12-11 16:43:52'),(1968,656,3,'2020-12-11 18:27:52'),(1969,657,1,'2020-02-08 23:41:39'),(1970,657,2,'2020-02-08 23:46:39'),(1971,657,3,'2020-02-09 01:30:39'),(1972,658,1,'2020-04-06 19:38:22'),(1973,658,2,'2020-04-06 19:43:22'),(1974,658,3,'2020-04-06 20:03:22'),(1975,659,1,'2020-04-05 18:13:45'),(1976,659,2,'2020-04-05 18:18:45'),(1977,659,3,'2020-04-05 19:13:45'),(1978,660,1,'2020-11-28 02:24:31'),(1979,660,2,'2020-11-28 02:29:31'),(1980,660,3,'2020-11-28 04:06:31'),(1981,661,1,'2020-06-13 16:22:41'),(1982,661,2,'2020-06-13 16:27:41'),(1983,661,3,'2020-06-13 17:01:41'),(1984,662,1,'2020-07-25 17:31:26'),(1985,662,2,'2020-07-25 17:36:26'),(1986,662,3,'2020-07-25 18:59:26'),(1987,663,1,'2020-08-17 00:17:57'),(1988,663,2,'2020-08-17 00:22:57'),(1989,663,3,'2020-08-17 00:56:57'),(1990,664,1,'2020-04-05 21:19:42'),(1991,664,2,'2020-04-05 21:24:42'),(1992,664,3,'2020-04-05 22:33:42'),(1993,665,1,'2020-08-25 12:09:49'),(1994,665,2,'2020-08-25 12:14:49'),(1995,665,3,'2020-08-25 13:37:49'),(1996,666,1,'2020-07-30 11:38:40'),(1997,666,2,'2020-07-30 11:43:40'),(1998,666,3,'2020-07-30 12:52:40'),(1999,667,1,'2020-08-06 08:12:03'),(2000,667,2,'2020-08-06 08:17:03'),(2001,667,3,'2020-08-06 10:01:03'),(2002,668,1,'2020-12-04 06:10:45'),(2003,668,2,'2020-12-04 06:15:45'),(2004,668,3,'2020-12-04 06:35:45'),(2005,669,1,'2020-12-04 03:45:59'),(2006,669,2,'2020-12-04 03:50:59'),(2007,669,3,'2020-12-04 04:52:59'),(2008,670,1,'2020-08-08 09:50:09'),(2009,670,2,'2020-08-08 09:55:09'),(2010,670,3,'2020-08-08 10:57:09'),(2011,671,1,'2020-05-16 09:23:03'),(2012,671,2,'2020-05-16 09:28:03'),(2013,671,3,'2020-05-16 10:02:03'),(2014,672,1,'2020-02-29 10:26:13'),(2015,672,2,'2020-02-29 10:31:13'),(2016,672,3,'2020-02-29 11:05:13'),(2017,673,1,'2020-04-08 08:50:55'),(2018,673,2,'2020-04-08 08:55:55'),(2019,673,3,'2020-04-08 09:36:55'),(2020,674,1,'2020-02-11 19:04:13'),(2021,674,2,'2020-02-11 19:09:13'),(2022,674,3,'2020-02-11 20:53:13'),(2023,675,1,'2020-04-29 09:13:37'),(2024,675,2,'2020-04-29 09:18:37'),(2025,675,3,'2020-04-29 10:34:37'),(2026,676,1,'2020-02-25 18:37:51'),(2027,676,2,'2020-02-25 18:42:51'),(2028,676,3,'2020-02-25 19:23:51'),(2029,677,1,'2020-04-08 18:40:36'),(2030,677,2,'2020-04-08 18:45:36'),(2031,677,3,'2020-04-08 19:12:36'),(2032,678,1,'2020-05-04 12:05:22'),(2033,678,2,'2020-05-04 12:10:22'),(2034,678,3,'2020-05-04 13:12:22'),(2035,679,1,'2020-11-03 09:39:35'),(2036,679,2,'2020-11-03 09:44:35'),(2037,679,3,'2020-11-03 10:25:35'),(2038,680,1,'2020-07-14 19:07:17'),(2039,680,2,'2020-07-14 19:12:17'),(2040,680,3,'2020-07-14 20:14:17'),(2041,681,1,'2020-02-11 02:00:24'),(2042,681,2,'2020-02-11 02:05:24'),(2043,681,3,'2020-02-11 03:21:24'),(2044,682,1,'2020-09-18 15:49:17'),(2045,682,2,'2020-09-18 15:54:17'),(2046,682,3,'2020-09-18 17:17:17'),(2047,683,1,'2020-04-27 09:57:57'),(2048,683,2,'2020-04-27 10:02:57'),(2049,683,3,'2020-04-27 10:50:57'),(2050,684,1,'2020-04-05 15:43:17'),(2051,684,2,'2020-04-05 15:48:17'),(2052,684,3,'2020-04-05 17:18:17'),(2053,685,1,'2020-06-07 11:16:07'),(2054,685,2,'2020-06-07 11:21:07'),(2055,685,3,'2020-06-07 11:41:07'),(2056,686,1,'2020-12-04 02:20:01'),(2057,686,2,'2020-12-04 02:25:01'),(2058,686,3,'2020-12-04 04:16:01'),(2059,687,1,'2020-07-18 09:50:45'),(2060,687,2,'2020-07-18 09:55:45'),(2061,687,3,'2020-07-18 11:18:45'),(2062,688,1,'2020-11-21 23:40:36'),(2063,688,2,'2020-11-21 23:45:36'),(2064,688,3,'2020-11-22 00:54:36'),(2065,689,1,'2020-12-09 04:13:10'),(2066,689,2,'2020-12-09 04:18:10'),(2067,689,3,'2020-12-09 04:45:10'),(2068,690,1,'2020-07-14 16:17:37'),(2069,690,2,'2020-07-14 16:22:37'),(2070,690,3,'2020-07-14 16:49:37'),(2071,691,1,'2020-08-19 02:20:15'),(2072,691,2,'2020-08-19 02:25:15'),(2073,691,3,'2020-08-19 03:55:15'),(2074,692,1,'2020-11-10 19:32:19'),(2075,692,2,'2020-11-10 19:37:19'),(2076,692,3,'2020-11-10 20:04:19'),(2077,693,1,'2020-02-29 07:56:49'),(2078,693,2,'2020-02-29 08:01:49'),(2079,693,3,'2020-02-29 08:56:49'),(2080,694,1,'2020-11-07 08:53:30'),(2081,694,2,'2020-11-07 08:58:30'),(2082,694,3,'2020-11-07 10:07:30'),(2083,695,1,'2020-07-25 18:26:35'),(2084,695,2,'2020-07-25 18:31:35'),(2085,695,3,'2020-07-25 18:58:35'),(2086,696,1,'2020-02-05 18:19:14'),(2087,696,2,'2020-02-05 18:24:14'),(2088,696,3,'2020-02-05 18:44:14'),(2089,697,1,'2020-01-20 06:35:20'),(2090,697,2,'2020-01-20 06:40:20'),(2091,697,3,'2020-01-20 07:35:20'),(2092,698,1,'2020-01-26 18:59:37'),(2093,698,2,'2020-01-26 19:04:37'),(2094,698,3,'2020-01-26 19:45:37'),(2095,699,1,'2020-07-21 18:04:00'),(2096,699,2,'2020-07-21 18:09:00'),(2097,699,4,'2020-07-21 20:00:00'),(2098,700,1,'2020-06-07 10:30:34'),(2099,700,2,'2020-06-07 10:35:34'),(2100,700,3,'2020-06-07 11:37:34'),(2101,701,1,'2020-03-08 06:50:49'),(2102,701,2,'2020-03-08 06:55:49'),(2103,701,3,'2020-03-08 09:00:49'),(2104,702,1,'2020-11-02 05:45:33'),(2105,702,2,'2020-11-02 05:50:33'),(2106,702,3,'2020-11-02 06:24:33'),(2107,703,1,'2020-07-14 13:15:25'),(2108,703,2,'2020-07-14 13:20:25'),(2109,703,3,'2020-07-14 14:50:25'),(2110,704,1,'2020-12-04 07:51:44'),(2111,704,2,'2020-12-04 07:56:44'),(2112,704,3,'2020-12-04 09:26:44'),(2113,705,1,'2020-01-29 01:27:17'),(2114,705,2,'2020-01-29 01:32:17'),(2115,705,3,'2020-01-29 03:37:17'),(2116,706,1,'2020-01-13 19:07:37'),(2117,706,2,'2020-01-13 19:12:37'),(2118,706,3,'2020-01-13 20:28:37'),(2119,707,1,'2020-08-08 04:38:08'),(2120,707,2,'2020-08-08 04:43:08'),(2121,707,3,'2020-08-08 05:52:08'),(2122,708,1,'2020-10-16 13:43:21'),(2123,708,2,'2020-10-16 13:48:21'),(2124,708,3,'2020-10-16 15:46:21'),(2125,709,1,'2020-06-28 10:07:37'),(2126,709,2,'2020-06-28 10:12:37'),(2127,709,3,'2020-06-28 11:42:37'),(2128,710,1,'2020-08-31 15:49:58'),(2129,710,2,'2020-08-31 15:54:58'),(2130,710,3,'2020-08-31 17:31:58'),(2131,711,1,'2020-05-16 10:43:26'),(2132,711,2,'2020-05-16 10:48:26'),(2133,711,3,'2020-05-16 12:39:26'),(2134,712,1,'2020-11-15 02:56:19'),(2135,712,2,'2020-11-15 03:01:19'),(2136,712,3,'2020-11-15 04:52:19'),(2137,713,1,'2020-03-01 02:02:29'),(2138,713,2,'2020-03-01 02:07:29'),(2139,713,3,'2020-03-01 03:37:29'),(2140,714,1,'2020-06-04 19:29:55'),(2141,714,2,'2020-06-04 19:34:55'),(2142,714,3,'2020-06-04 20:43:55'),(2143,715,1,'2020-08-02 15:36:17'),(2144,715,2,'2020-08-02 15:41:17'),(2145,715,3,'2020-08-02 17:25:17'),(2146,716,1,'2020-12-02 00:47:53'),(2147,716,2,'2020-12-02 00:52:53'),(2148,716,3,'2020-12-02 02:50:53'),(2149,717,1,'2020-06-27 23:31:45'),(2150,717,2,'2020-06-27 23:36:45'),(2151,717,3,'2020-06-28 00:17:45'),(2152,718,1,'2020-03-20 03:45:51'),(2153,718,2,'2020-03-20 03:50:51'),(2154,718,3,'2020-03-20 04:31:51'),(2155,719,1,'2020-07-25 15:12:15'),(2156,719,2,'2020-07-25 15:17:15'),(2157,719,3,'2020-07-25 17:08:15'),(2158,720,1,'2020-05-19 17:23:08'),(2159,720,2,'2020-05-19 17:28:08'),(2160,720,3,'2020-05-19 19:33:08'),(2161,721,1,'2020-02-29 07:23:48'),(2162,721,2,'2020-02-29 07:28:48'),(2163,721,3,'2020-02-29 09:19:48'),(2164,722,1,'2020-09-03 00:39:33'),(2165,722,2,'2020-09-03 00:44:33'),(2166,722,3,'2020-09-03 01:39:33'),(2167,723,1,'2020-07-22 09:41:09'),(2168,723,2,'2020-07-22 09:46:09'),(2169,723,3,'2020-07-22 11:51:09'),(2170,724,1,'2020-01-25 09:45:33'),(2171,724,2,'2020-01-25 09:50:33'),(2172,724,3,'2020-01-25 10:45:33'),(2173,725,1,'2020-02-29 07:25:20'),(2174,725,2,'2020-02-29 07:30:20'),(2175,725,3,'2020-02-29 09:07:20'),(2176,726,1,'2020-06-19 17:48:10'),(2177,726,2,'2020-06-19 17:53:10'),(2178,726,3,'2020-06-19 19:16:10'),(2179,727,1,'2020-04-10 18:23:21'),(2180,727,2,'2020-04-10 18:28:21'),(2181,727,3,'2020-04-10 19:30:21'),(2182,728,1,'2020-03-07 12:53:32'),(2183,728,2,'2020-03-07 12:58:32'),(2184,728,3,'2020-03-07 13:39:32'),(2185,729,1,'2020-06-27 05:36:07'),(2186,729,2,'2020-06-27 05:41:07'),(2187,729,3,'2020-06-27 07:11:07'),(2188,730,1,'2020-06-05 00:11:10'),(2189,730,2,'2020-06-05 00:16:10'),(2190,730,3,'2020-06-05 02:14:10'),(2191,731,1,'2020-06-27 08:52:24'),(2192,731,2,'2020-06-27 08:57:24'),(2193,731,3,'2020-06-27 10:55:24'),(2194,732,1,'2020-12-02 02:22:59'),(2195,732,2,'2020-12-02 02:27:59'),(2196,732,3,'2020-12-02 03:29:59'),(2197,733,1,'2020-09-18 16:24:37'),(2198,733,2,'2020-09-18 16:29:37'),(2199,733,3,'2020-09-18 18:13:37'),(2200,734,1,'2020-01-22 16:35:03'),(2201,734,2,'2020-01-22 16:40:03'),(2202,734,3,'2020-01-22 18:10:03'),(2203,735,1,'2020-12-09 02:25:11'),(2204,735,2,'2020-12-09 02:30:11'),(2205,735,3,'2020-12-09 03:11:11'),(2206,736,1,'2020-05-16 09:03:00'),(2207,736,2,'2020-05-16 09:08:00'),(2208,736,3,'2020-05-16 10:10:00'),(2209,737,1,'2020-03-16 08:11:03'),(2210,737,2,'2020-03-16 08:16:03'),(2211,737,3,'2020-03-16 10:21:03'),(2212,738,1,'2020-06-13 00:50:23'),(2213,738,2,'2020-06-13 00:55:23'),(2214,738,3,'2020-06-13 03:00:23'),(2215,739,1,'2020-06-30 00:16:50'),(2216,739,2,'2020-06-30 00:21:50'),(2217,739,3,'2020-06-30 01:02:50'),(2218,740,1,'2020-09-09 13:40:42'),(2219,740,2,'2020-09-09 13:45:42'),(2220,740,3,'2020-09-09 14:12:42'),(2221,741,1,'2020-02-05 16:54:17'),(2222,741,2,'2020-02-05 16:59:17'),(2223,741,3,'2020-02-05 17:40:17'),(2224,742,1,'2020-02-16 15:12:57'),(2225,742,2,'2020-02-16 15:17:57'),(2226,742,3,'2020-02-16 16:26:57'),(2227,743,1,'2020-06-07 11:22:43'),(2228,743,2,'2020-06-07 11:27:43'),(2229,743,3,'2020-06-07 13:25:43'),(2230,744,1,'2020-07-14 19:00:41'),(2231,744,2,'2020-07-14 19:05:41'),(2232,744,3,'2020-07-14 20:35:41'),(2233,745,1,'2020-08-15 11:00:00'),(2234,745,2,'2020-08-15 11:05:00'),(2235,745,4,'2020-08-15 12:00:00'),(2236,746,1,'2020-09-21 16:00:22'),(2237,746,2,'2020-09-21 16:05:22'),(2238,746,3,'2020-09-21 16:25:22'),(2239,747,1,'2020-06-27 09:59:35'),(2240,747,2,'2020-06-27 10:04:35'),(2241,747,3,'2020-06-27 10:31:35'),(2242,748,1,'2020-06-07 08:57:31'),(2243,748,2,'2020-06-07 09:02:31'),(2244,748,3,'2020-06-07 10:04:31'),(2245,749,1,'2020-04-06 16:51:55'),(2246,749,2,'2020-04-06 16:56:55'),(2247,749,3,'2020-04-06 17:44:55'),(2248,750,1,'2020-11-23 00:37:55'),(2249,750,2,'2020-11-23 00:42:55'),(2250,750,3,'2020-11-23 02:26:55'),(2251,751,1,'2020-11-28 14:27:26'),(2252,751,2,'2020-11-28 14:32:26'),(2253,751,3,'2020-11-28 16:16:26'),(2254,752,1,'2020-01-23 20:01:22'),(2255,752,2,'2020-01-23 20:06:22'),(2256,752,3,'2020-01-23 20:26:22'),(2257,753,1,'2020-08-25 12:43:36'),(2258,753,2,'2020-08-25 12:48:36'),(2259,753,3,'2020-08-25 13:36:36'),(2260,754,1,'2020-08-07 23:49:51'),(2261,754,2,'2020-08-07 23:54:51'),(2262,754,3,'2020-08-08 01:52:51'),(2263,755,1,'2020-08-25 12:36:03'),(2264,755,2,'2020-08-25 12:41:03'),(2265,755,3,'2020-08-25 13:43:03'),(2266,756,1,'2020-02-23 15:12:24'),(2267,756,2,'2020-02-23 15:17:24'),(2268,756,3,'2020-02-23 16:12:24'),(2269,757,1,'2020-08-05 00:54:18'),(2270,757,2,'2020-08-05 00:59:18'),(2271,757,3,'2020-08-05 02:15:18'),(2272,758,1,'2020-08-31 15:54:59'),(2273,758,2,'2020-08-31 15:59:59'),(2274,758,3,'2020-08-31 17:57:59'),(2275,759,1,'2020-11-22 00:24:33'),(2276,759,2,'2020-11-22 00:29:33'),(2277,759,3,'2020-11-22 01:03:33'),(2278,760,1,'2020-01-25 14:20:15'),(2279,760,2,'2020-01-25 14:25:15'),(2280,760,3,'2020-01-25 14:45:15'),(2281,761,1,'2020-06-05 22:27:25'),(2282,761,2,'2020-06-05 22:32:25'),(2283,761,3,'2020-06-06 00:09:25'),(2284,762,1,'2020-08-04 06:32:00'),(2285,762,2,'2020-08-04 06:37:00'),(2286,762,4,'2020-08-04 08:00:00'),(2287,763,1,'2020-06-04 17:05:31'),(2288,763,2,'2020-06-04 17:10:31'),(2289,763,3,'2020-06-04 18:26:31'),(2290,764,1,'2020-07-19 16:28:15'),(2291,764,2,'2020-07-19 16:33:15'),(2292,764,3,'2020-07-19 18:24:15'),(2293,765,1,'2020-03-07 10:59:12'),(2294,765,2,'2020-03-07 11:04:12'),(2295,765,3,'2020-03-07 11:24:12'),(2296,766,1,'2020-06-27 07:46:02'),(2297,766,2,'2020-06-27 07:51:02'),(2298,766,3,'2020-06-27 09:28:02'),(2299,767,1,'2020-12-12 23:44:05'),(2300,767,2,'2020-12-12 23:49:05'),(2301,767,3,'2020-12-13 01:54:05'),(2302,768,1,'2020-07-18 08:15:39'),(2303,768,2,'2020-07-18 08:20:39'),(2304,768,3,'2020-07-18 10:18:39'),(2305,769,1,'2020-09-21 14:50:56'),(2306,769,2,'2020-09-21 14:55:56'),(2307,769,3,'2020-09-21 16:11:56'),(2308,770,1,'2020-07-31 03:18:11'),(2309,770,2,'2020-07-31 03:23:11'),(2310,770,3,'2020-07-31 03:57:11'),(2311,771,1,'2020-06-02 02:03:22'),(2312,771,2,'2020-06-02 02:08:22'),(2313,771,3,'2020-06-02 02:42:22'),(2314,772,1,'2020-03-08 07:30:50'),(2315,772,2,'2020-03-08 07:35:50'),(2316,772,3,'2020-03-08 08:44:50'),(2317,773,1,'2020-04-25 06:13:19'),(2318,773,2,'2020-04-25 06:18:19'),(2319,773,3,'2020-04-25 08:16:19'),(2320,774,1,'2020-07-28 18:39:00'),(2321,774,2,'2020-07-28 18:44:00'),(2322,774,4,'2020-07-28 20:00:00'),(2323,775,1,'2020-02-29 07:20:22'),(2324,775,2,'2020-02-29 07:25:22'),(2325,775,3,'2020-02-29 08:55:22'),(2326,776,1,'2020-12-12 23:18:12'),(2327,776,2,'2020-12-12 23:23:12'),(2328,776,3,'2020-12-13 00:11:12'),(2329,777,1,'2020-01-10 02:13:42'),(2330,777,2,'2020-01-10 02:18:42'),(2331,777,3,'2020-01-10 03:55:42'),(2332,778,1,'2020-09-05 03:36:00'),(2333,778,2,'2020-09-05 03:41:00'),(2334,778,3,'2020-09-05 04:43:00'),(2335,779,1,'2020-09-05 14:21:26'),(2336,779,2,'2020-09-05 14:26:26'),(2337,779,3,'2020-09-05 16:17:26'),(2338,780,1,'2020-03-15 15:46:01'),(2339,780,2,'2020-03-15 15:51:01'),(2340,780,3,'2020-03-15 17:42:01'),(2341,781,1,'2020-05-08 02:14:40'),(2342,781,2,'2020-05-08 02:19:40'),(2343,781,3,'2020-05-08 03:00:40'),(2344,782,1,'2020-04-05 16:28:03'),(2345,782,2,'2020-04-05 16:33:03'),(2346,782,3,'2020-04-05 17:28:03'),(2347,783,1,'2020-07-18 09:26:00'),(2348,783,2,'2020-07-18 09:31:00'),(2349,783,3,'2020-07-18 10:54:00'),(2350,784,1,'2020-06-19 17:25:33'),(2351,784,2,'2020-06-19 17:30:33'),(2352,784,3,'2020-06-19 19:14:33'),(2353,785,1,'2020-05-31 22:47:04'),(2354,785,2,'2020-05-31 22:52:04'),(2355,785,3,'2020-06-01 00:57:04'),(2356,786,1,'2020-04-05 15:42:36'),(2357,786,2,'2020-04-05 15:47:36'),(2358,786,3,'2020-04-05 17:03:36'),(2359,787,1,'2020-05-28 06:29:14'),(2360,787,2,'2020-05-28 06:34:14'),(2361,787,3,'2020-05-28 07:50:14'),(2362,788,1,'2020-02-21 13:29:55'),(2363,788,2,'2020-02-21 13:34:55'),(2364,788,3,'2020-02-21 15:25:55'),(2365,789,1,'2020-07-14 12:11:29'),(2366,789,2,'2020-07-14 12:16:29'),(2367,789,3,'2020-07-14 13:53:29'),(2368,790,1,'2020-11-02 01:36:23'),(2369,790,2,'2020-11-02 01:41:23'),(2370,790,3,'2020-11-02 02:15:23'),(2371,791,1,'2020-04-06 15:58:23'),(2372,791,2,'2020-04-06 16:03:23'),(2373,791,3,'2020-04-06 17:26:23'),(2374,792,1,'2020-05-24 02:21:30'),(2375,792,2,'2020-05-24 02:26:30'),(2376,792,3,'2020-05-24 02:46:30'),(2377,793,1,'2020-09-29 15:07:00'),(2378,793,2,'2020-09-29 15:12:00'),(2379,793,4,'2020-09-29 16:00:00'),(2380,794,1,'2020-02-06 06:47:19'),(2381,794,2,'2020-02-06 06:52:19'),(2382,794,3,'2020-02-06 08:15:19'),(2383,795,1,'2020-09-27 08:48:10'),(2384,795,2,'2020-09-27 08:53:10'),(2385,795,3,'2020-09-27 09:55:10'),(2386,796,1,'2020-06-07 08:10:59'),(2387,796,2,'2020-06-07 08:15:59'),(2388,796,3,'2020-06-07 09:24:59'),(2389,797,1,'2020-08-25 11:27:22'),(2390,797,2,'2020-08-25 11:32:22'),(2391,797,3,'2020-08-25 13:37:22'),(2392,798,1,'2020-08-26 06:41:24'),(2393,798,2,'2020-08-26 06:46:24'),(2394,798,3,'2020-08-26 07:27:24'),(2395,799,1,'2020-01-14 09:18:29'),(2396,799,2,'2020-01-14 09:23:29'),(2397,799,3,'2020-01-14 10:39:29'),(2398,800,1,'2020-01-25 08:44:44'),(2399,800,2,'2020-01-25 08:49:44'),(2400,800,3,'2020-01-25 10:47:44'),(2401,801,1,'2020-04-05 19:38:26'),(2402,801,2,'2020-04-05 19:43:26'),(2403,801,3,'2020-04-05 20:03:26'),(2404,802,1,'2020-08-05 07:48:04'),(2405,802,2,'2020-08-05 07:53:04'),(2406,802,3,'2020-08-05 08:34:04'),(2407,803,1,'2020-10-16 17:22:54'),(2408,803,2,'2020-10-16 17:27:54'),(2409,803,3,'2020-10-16 18:22:54'),(2410,804,1,'2020-07-25 18:12:46'),(2411,804,2,'2020-07-25 18:17:46'),(2412,804,3,'2020-07-25 19:05:46'),(2413,805,1,'2020-06-12 20:45:20'),(2414,805,2,'2020-06-12 20:50:20'),(2415,805,3,'2020-06-12 22:48:20'),(2416,806,1,'2020-11-29 08:07:29'),(2417,806,2,'2020-11-29 08:12:29'),(2418,806,3,'2020-11-29 09:42:29'),(2419,807,1,'2020-06-13 02:02:42'),(2420,807,2,'2020-06-13 02:07:42'),(2421,807,3,'2020-06-13 03:58:42'),(2422,808,1,'2020-01-10 07:38:59'),(2423,808,2,'2020-01-10 07:43:59'),(2424,808,3,'2020-01-10 08:31:59'),(2425,809,1,'2020-11-28 01:08:53'),(2426,809,2,'2020-11-28 01:13:53'),(2427,809,3,'2020-11-28 01:54:53'),(2428,810,1,'2020-06-27 06:55:12'),(2429,810,2,'2020-06-27 07:00:12'),(2430,810,3,'2020-06-27 07:55:12'),(2431,811,1,'2020-08-30 02:01:06'),(2432,811,2,'2020-08-30 02:06:06'),(2433,811,3,'2020-08-30 02:33:06'),(2434,812,1,'2020-01-26 17:24:56'),(2435,812,2,'2020-01-26 17:29:56'),(2436,812,3,'2020-01-26 18:03:56'),(2437,813,1,'2020-06-04 19:41:02'),(2438,813,2,'2020-06-04 19:46:02'),(2439,813,3,'2020-06-04 20:20:02'),(2440,814,1,'2020-08-30 00:45:57'),(2441,814,2,'2020-08-30 00:50:57'),(2442,814,3,'2020-08-30 02:27:57'),(2443,815,1,'2020-04-10 17:44:09'),(2444,815,2,'2020-04-10 17:49:09'),(2445,815,3,'2020-04-10 18:09:09'),(2446,816,1,'2020-06-02 01:46:36'),(2447,816,2,'2020-06-02 01:51:36'),(2448,816,3,'2020-06-02 02:53:36'),(2449,817,1,'2020-04-29 08:28:37'),(2450,817,2,'2020-04-29 08:33:37'),(2451,817,3,'2020-04-29 09:35:37'),(2452,818,1,'2020-06-21 17:31:21'),(2453,818,2,'2020-06-21 17:36:21'),(2454,818,3,'2020-06-21 19:27:21'),(2455,819,1,'2020-01-05 05:41:45'),(2456,819,2,'2020-01-05 05:46:45'),(2457,819,3,'2020-01-05 06:06:45'),(2458,820,1,'2020-01-24 20:21:48'),(2459,820,2,'2020-01-24 20:26:48'),(2460,820,3,'2020-01-24 22:24:48'),(2461,821,1,'2020-04-25 19:05:49'),(2462,821,2,'2020-04-25 19:10:49'),(2463,821,3,'2020-04-25 19:51:49'),(2464,822,1,'2020-06-28 13:47:08'),(2465,822,2,'2020-06-28 13:52:08'),(2466,822,3,'2020-06-28 15:29:08'),(2467,823,1,'2020-02-18 06:53:00'),(2468,823,2,'2020-02-18 06:58:00'),(2469,823,4,'2020-02-18 08:00:00'),(2470,824,1,'2020-05-28 06:30:53'),(2471,824,2,'2020-05-28 06:35:53'),(2472,824,3,'2020-05-28 07:09:53'),(2473,825,1,'2020-09-09 14:16:02'),(2474,825,2,'2020-09-09 14:21:02'),(2475,825,3,'2020-09-09 15:51:02'),(2476,826,1,'2020-05-08 11:34:12'),(2477,826,2,'2020-05-08 11:39:12'),(2478,826,3,'2020-05-08 13:44:12'),(2479,827,1,'2020-08-17 00:14:54'),(2480,827,2,'2020-08-17 00:19:54'),(2481,827,3,'2020-08-17 01:35:54'),(2482,828,1,'2020-07-25 17:03:35'),(2483,828,2,'2020-07-25 17:08:35'),(2484,828,3,'2020-07-25 17:35:35'),(2485,829,1,'2020-01-14 09:31:32'),(2486,829,2,'2020-01-14 09:36:32'),(2487,829,3,'2020-01-14 10:17:32'),(2488,830,1,'2020-06-06 08:03:46'),(2489,830,2,'2020-06-06 08:08:46'),(2490,830,3,'2020-06-06 10:06:46'),(2491,831,1,'2020-01-29 23:14:00'),(2492,831,2,'2020-01-29 23:19:00'),(2493,831,4,'2020-01-30 00:00:00'),(2494,832,1,'2020-04-05 16:56:41'),(2495,832,2,'2020-04-05 17:01:41'),(2496,832,3,'2020-04-05 18:45:41'),(2497,833,1,'2020-08-25 04:25:11'),(2498,833,2,'2020-08-25 04:30:11'),(2499,833,3,'2020-08-25 05:39:11'),(2500,834,1,'2020-06-14 16:17:42'),(2501,834,2,'2020-06-14 16:22:42'),(2502,834,3,'2020-06-14 17:31:42'),(2503,835,1,'2020-05-08 02:24:42'),(2504,835,2,'2020-05-08 02:29:42'),(2505,835,3,'2020-05-08 03:17:42'),(2506,836,1,'2020-04-05 20:13:47'),(2507,836,2,'2020-04-05 20:18:47'),(2508,836,3,'2020-04-05 20:45:47'),(2509,837,1,'2020-11-21 23:14:18'),(2510,837,2,'2020-11-21 23:19:18'),(2511,837,3,'2020-11-22 00:56:18'),(2512,838,1,'2020-11-29 08:37:27'),(2513,838,2,'2020-11-29 08:42:27'),(2514,838,3,'2020-11-29 09:09:27'),(2515,839,1,'2020-12-11 16:56:28'),(2516,839,2,'2020-12-11 17:01:28'),(2517,839,3,'2020-12-11 18:03:28'),(2518,840,1,'2020-07-18 11:34:25'),(2519,840,2,'2020-07-18 11:39:25'),(2520,840,3,'2020-07-18 13:09:25'),(2521,841,1,'2020-12-04 02:58:10'),(2522,841,2,'2020-12-04 03:03:10'),(2523,841,3,'2020-12-04 03:51:10'),(2524,842,1,'2020-11-18 02:30:54'),(2525,842,2,'2020-11-18 02:35:54'),(2526,842,3,'2020-11-18 03:16:54'),(2527,843,1,'2020-11-03 19:50:03'),(2528,843,2,'2020-11-03 19:55:03'),(2529,843,3,'2020-11-03 21:04:03'),(2530,844,1,'2020-08-14 18:54:31'),(2531,844,2,'2020-08-14 18:59:31'),(2532,844,3,'2020-08-14 20:08:31'),(2533,845,1,'2020-04-05 18:13:13'),(2534,845,2,'2020-04-05 18:18:13'),(2535,845,3,'2020-04-05 19:27:13'),(2536,846,1,'2020-11-06 10:46:00'),(2537,846,2,'2020-11-06 10:51:00'),(2538,846,4,'2020-11-06 12:00:00'),(2539,847,1,'2020-04-08 10:36:22'),(2540,847,2,'2020-04-08 10:41:22'),(2541,847,3,'2020-04-08 11:22:22'),(2542,848,1,'2020-06-25 00:31:34'),(2543,848,2,'2020-06-25 00:36:34'),(2544,848,3,'2020-06-25 01:03:34'),(2545,849,1,'2020-01-27 08:30:06'),(2546,849,2,'2020-01-27 08:35:06'),(2547,849,3,'2020-01-27 10:26:06'),(2548,850,1,'2020-04-29 08:54:03'),(2549,850,2,'2020-04-29 08:59:03'),(2550,850,3,'2020-04-29 10:43:03'),(2551,851,1,'2020-06-07 07:27:52'),(2552,851,2,'2020-06-07 07:32:52'),(2553,851,3,'2020-06-07 09:37:52'),(2554,852,1,'2020-11-02 04:49:03'),(2555,852,2,'2020-11-02 04:54:03'),(2556,852,3,'2020-11-02 06:17:03'),(2557,853,1,'2020-03-07 03:53:39'),(2558,853,2,'2020-03-07 03:58:39'),(2559,853,3,'2020-03-07 04:25:39'),(2560,854,1,'2020-09-09 14:23:46'),(2561,854,2,'2020-09-09 14:28:46'),(2562,854,3,'2020-09-09 16:05:46'),(2563,855,1,'2020-05-08 13:43:27'),(2564,855,2,'2020-05-08 13:48:27'),(2565,855,3,'2020-05-08 14:22:27'),(2566,856,1,'2020-02-29 07:28:42'),(2567,856,2,'2020-02-29 07:33:42'),(2568,856,3,'2020-02-29 09:17:42'),(2569,857,1,'2020-06-13 04:32:51'),(2570,857,2,'2020-06-13 04:37:51'),(2571,857,3,'2020-06-13 05:04:51'),(2572,858,1,'2020-05-22 00:38:36'),(2573,858,2,'2020-05-22 00:43:36'),(2574,858,3,'2020-05-22 02:20:36'),(2575,859,1,'2020-08-18 14:37:35'),(2576,859,2,'2020-08-18 14:42:35'),(2577,859,3,'2020-08-18 16:05:35'),(2578,860,1,'2020-07-12 09:47:43'),(2579,860,2,'2020-07-12 09:52:43'),(2580,860,3,'2020-07-12 11:22:43'),(2581,861,1,'2020-07-30 18:41:52'),(2582,861,2,'2020-07-30 18:46:52'),(2583,861,3,'2020-07-30 19:06:52'),(2584,862,1,'2020-07-18 09:03:33'),(2585,862,2,'2020-07-18 09:08:33'),(2586,862,3,'2020-07-18 10:45:33'),(2587,863,1,'2020-06-12 08:32:18'),(2588,863,2,'2020-06-12 08:37:18'),(2589,863,3,'2020-06-12 10:21:18'),(2590,864,1,'2020-12-09 03:58:16'),(2591,864,2,'2020-12-09 04:03:16'),(2592,864,3,'2020-12-09 04:44:16'),(2593,865,1,'2020-12-13 00:44:31'),(2594,865,2,'2020-12-13 00:49:31'),(2595,865,3,'2020-12-13 02:05:31'),(2596,866,1,'2020-12-13 07:14:39'),(2597,866,2,'2020-12-13 07:19:39'),(2598,866,3,'2020-12-13 08:49:39'),(2599,867,1,'2020-07-25 18:12:28'),(2600,867,2,'2020-07-25 18:17:28'),(2601,867,3,'2020-07-25 18:58:28'),(2602,868,1,'2020-01-26 17:29:26'),(2603,868,2,'2020-01-26 17:34:26'),(2604,868,3,'2020-01-26 18:01:26'),(2605,869,1,'2020-02-16 10:27:59'),(2606,869,2,'2020-02-16 10:32:59'),(2607,869,3,'2020-02-16 12:02:59'),(2608,870,1,'2020-11-29 08:46:33'),(2609,870,2,'2020-11-29 08:51:33'),(2610,870,3,'2020-11-29 09:39:33'),(2611,871,1,'2020-01-05 03:45:10'),(2612,871,2,'2020-01-05 03:50:10'),(2613,871,3,'2020-01-05 04:45:10'),(2614,872,1,'2020-06-04 16:50:55'),(2615,872,2,'2020-06-04 16:55:55'),(2616,872,3,'2020-06-04 18:46:55'),(2617,873,1,'2020-11-18 08:12:07'),(2618,873,2,'2020-11-18 08:17:07'),(2619,873,3,'2020-11-18 09:40:07'),(2620,874,1,'2020-06-08 21:47:35'),(2621,874,2,'2020-06-08 21:52:35'),(2622,874,3,'2020-06-08 22:33:35'),(2623,875,1,'2020-06-07 08:51:54'),(2624,875,2,'2020-06-07 08:56:54'),(2625,875,3,'2020-06-07 09:30:54'),(2626,876,1,'2020-09-22 14:16:01'),(2627,876,2,'2020-09-22 14:21:01'),(2628,876,3,'2020-09-22 15:02:01'),(2629,877,1,'2020-08-22 12:35:49'),(2630,877,2,'2020-08-22 12:40:49'),(2631,877,3,'2020-08-22 13:21:49'),(2632,878,1,'2020-02-29 04:22:52'),(2633,878,2,'2020-02-29 04:27:52'),(2634,878,3,'2020-02-29 06:04:52'),(2635,879,1,'2020-05-18 01:26:57'),(2636,879,2,'2020-05-18 01:31:57'),(2637,879,3,'2020-05-18 02:26:57'),(2638,880,1,'2020-09-09 10:22:47'),(2639,880,2,'2020-09-09 10:27:47'),(2640,880,3,'2020-09-09 11:36:47'),(2641,881,1,'2020-10-16 16:22:52'),(2642,881,2,'2020-10-16 16:27:52'),(2643,881,3,'2020-10-16 18:04:52'),(2644,882,1,'2020-01-21 04:41:04'),(2645,882,2,'2020-01-21 04:46:04'),(2646,882,3,'2020-01-21 06:51:04'),(2647,883,1,'2020-02-22 10:30:21'),(2648,883,2,'2020-02-22 10:35:21'),(2649,883,3,'2020-02-22 11:37:21'),(2650,884,1,'2020-06-05 23:39:30'),(2651,884,2,'2020-06-05 23:44:30'),(2652,884,3,'2020-06-06 00:18:30'),(2653,885,1,'2020-03-07 06:27:44'),(2654,885,2,'2020-03-07 06:32:44'),(2655,885,3,'2020-03-07 06:59:44'),(2656,886,1,'2020-06-05 02:47:31'),(2657,886,2,'2020-06-05 02:52:31'),(2658,886,3,'2020-06-05 03:12:31'),(2659,887,1,'2020-05-28 06:32:39'),(2660,887,2,'2020-05-28 06:37:39'),(2661,887,3,'2020-05-28 07:46:39'),(2662,888,1,'2020-03-07 20:25:11'),(2663,888,2,'2020-03-07 20:30:11'),(2664,888,3,'2020-03-07 21:53:11'),(2665,889,1,'2020-09-18 17:00:33'),(2666,889,2,'2020-09-18 17:05:33'),(2667,889,3,'2020-09-18 18:21:33'),(2668,890,1,'2020-12-13 02:08:52'),(2669,890,2,'2020-12-13 02:13:52'),(2670,890,3,'2020-12-13 02:40:52'),(2671,891,1,'2020-09-05 20:37:45'),(2672,891,2,'2020-09-05 20:42:45'),(2673,891,3,'2020-09-05 21:09:45'),(2674,892,1,'2020-09-02 21:17:00'),(2675,892,2,'2020-09-02 21:22:00'),(2676,892,3,'2020-09-02 22:03:00'),(2677,893,1,'2020-12-04 12:05:26'),(2678,893,2,'2020-12-04 12:10:26'),(2679,893,3,'2020-12-04 13:05:26'),(2680,894,1,'2020-06-21 17:11:11'),(2681,894,2,'2020-06-21 17:16:11'),(2682,894,3,'2020-06-21 18:53:11'),(2683,895,1,'2020-03-28 02:40:20'),(2684,895,2,'2020-03-28 02:45:20'),(2685,895,3,'2020-03-28 03:54:20'),(2686,896,1,'2020-04-26 15:30:11'),(2687,896,2,'2020-04-26 15:35:11'),(2688,896,3,'2020-04-26 16:37:11'),(2689,897,1,'2020-07-18 09:29:16'),(2690,897,2,'2020-07-18 09:34:16'),(2691,897,3,'2020-07-18 11:11:16'),(2692,898,1,'2020-10-17 00:37:02'),(2693,898,2,'2020-10-17 00:42:02'),(2694,898,3,'2020-10-17 02:12:02'),(2695,899,1,'2020-04-03 00:39:05'),(2696,899,2,'2020-04-03 00:44:05'),(2697,899,3,'2020-04-03 02:00:05'),(2698,900,1,'2020-07-14 12:47:27'),(2699,900,2,'2020-07-14 12:52:27'),(2700,900,3,'2020-07-14 14:22:27'),(2701,901,1,'2020-09-04 23:16:35'),(2702,901,2,'2020-09-04 23:21:35'),(2703,901,3,'2020-09-05 00:23:35'),(2704,902,1,'2020-02-22 10:26:48'),(2705,902,2,'2020-02-22 10:31:48'),(2706,902,3,'2020-02-22 11:26:48'),(2707,903,1,'2020-01-14 10:51:06'),(2708,903,2,'2020-01-14 10:56:06'),(2709,903,3,'2020-01-14 13:01:06'),(2710,904,1,'2020-12-04 11:13:40'),(2711,904,2,'2020-12-04 11:18:40'),(2712,904,3,'2020-12-04 12:41:40'),(2713,905,1,'2020-06-27 06:44:57'),(2714,905,2,'2020-06-27 06:49:57'),(2715,905,3,'2020-06-27 08:54:57'),(2716,906,1,'2020-11-21 18:19:43'),(2717,906,2,'2020-11-21 18:24:43'),(2718,906,3,'2020-11-21 20:08:43'),(2719,907,1,'2020-02-16 18:32:33'),(2720,907,2,'2020-02-16 18:37:33'),(2721,907,3,'2020-02-16 18:57:33'),(2722,908,1,'2020-02-01 15:52:22'),(2723,908,2,'2020-02-01 15:57:22'),(2724,908,3,'2020-02-01 17:34:22'),(2725,909,1,'2020-09-18 17:20:52'),(2726,909,2,'2020-09-18 17:25:52'),(2727,909,3,'2020-09-18 19:23:52'),(2728,910,1,'2020-05-07 19:32:03'),(2729,910,2,'2020-05-07 19:37:03'),(2730,910,3,'2020-05-07 20:53:03'),(2731,911,1,'2020-07-01 16:36:19'),(2732,911,2,'2020-07-01 16:41:19'),(2733,911,3,'2020-07-01 17:15:19'),(2734,912,1,'2020-02-04 01:00:06'),(2735,912,2,'2020-02-04 01:05:06'),(2736,912,3,'2020-02-04 02:42:06'),(2737,913,1,'2020-08-03 20:56:26'),(2738,913,2,'2020-08-03 21:01:26'),(2739,913,3,'2020-08-03 22:10:26'),(2740,914,1,'2020-08-29 06:53:00'),(2741,914,2,'2020-08-29 06:58:00'),(2742,914,4,'2020-08-29 08:00:00'),(2743,915,1,'2020-07-25 16:48:58'),(2744,915,2,'2020-07-25 16:53:58'),(2745,915,3,'2020-07-25 18:30:58'),(2746,916,1,'2020-11-07 08:55:49'),(2747,916,2,'2020-11-07 09:00:49'),(2748,916,3,'2020-11-07 10:37:49'),(2749,917,1,'2020-04-30 12:38:08'),(2750,917,2,'2020-04-30 12:43:08'),(2751,917,3,'2020-04-30 14:34:08'),(2752,918,1,'2020-06-21 17:54:12'),(2753,918,2,'2020-06-21 17:59:12'),(2754,918,3,'2020-06-21 19:08:12'),(2755,919,1,'2020-06-08 21:14:38'),(2756,919,2,'2020-06-08 21:19:38'),(2757,919,3,'2020-06-08 22:56:38'),(2758,920,1,'2020-11-18 08:13:36'),(2759,920,2,'2020-11-18 08:18:36'),(2760,920,3,'2020-11-18 08:52:36'),(2761,921,1,'2020-06-09 20:00:38'),(2762,921,2,'2020-06-09 20:05:38'),(2763,921,3,'2020-06-09 21:21:38'),(2764,922,1,'2020-06-17 06:11:00'),(2765,922,2,'2020-06-17 06:16:00'),(2766,922,4,'2020-06-17 08:00:00'),(2767,923,1,'2020-08-21 15:57:05'),(2768,923,2,'2020-08-21 16:02:05'),(2769,923,3,'2020-08-21 17:39:05'),(2770,924,1,'2020-07-13 03:04:27'),(2771,924,2,'2020-07-13 03:09:27'),(2772,924,3,'2020-07-13 05:00:27'),(2773,925,1,'2020-09-02 20:03:18'),(2774,925,2,'2020-09-02 20:08:18'),(2775,925,3,'2020-09-02 22:13:18'),(2776,926,1,'2020-07-22 10:28:57'),(2777,926,2,'2020-07-22 10:33:57'),(2778,926,3,'2020-07-22 11:56:57'),(2779,927,1,'2020-01-26 17:52:57'),(2780,927,2,'2020-01-26 17:57:57'),(2781,927,3,'2020-01-26 19:13:57'),(2782,928,1,'2020-05-19 17:27:38'),(2783,928,2,'2020-05-19 17:32:38'),(2784,928,3,'2020-05-19 19:30:38'),(2785,929,1,'2020-08-29 15:28:41'),(2786,929,2,'2020-08-29 15:33:41'),(2787,929,3,'2020-08-29 16:21:41'),(2788,930,1,'2020-07-25 17:01:29'),(2789,930,2,'2020-07-25 17:06:29'),(2790,930,3,'2020-07-25 18:36:29'),(2791,931,1,'2020-08-26 06:14:13'),(2792,931,2,'2020-08-26 06:19:13'),(2793,931,3,'2020-08-26 07:21:13'),(2794,932,1,'2020-09-29 07:04:33'),(2795,932,2,'2020-09-29 07:09:33'),(2796,932,3,'2020-09-29 09:00:33'),(2797,933,1,'2020-05-18 13:55:38'),(2798,933,2,'2020-05-18 14:00:38'),(2799,933,3,'2020-05-18 14:48:38'),(2800,934,1,'2020-10-29 15:47:09'),(2801,934,2,'2020-10-29 15:52:09'),(2802,934,3,'2020-10-29 17:50:09'),(2803,935,1,'2020-07-13 04:37:46'),(2804,935,2,'2020-07-13 04:42:46'),(2805,935,3,'2020-07-13 05:30:46'),(2806,936,1,'2020-05-11 07:44:33'),(2807,936,2,'2020-05-11 07:49:33'),(2808,936,3,'2020-05-11 09:33:33'),(2809,937,1,'2020-04-29 09:28:56'),(2810,937,2,'2020-04-29 09:33:56'),(2811,937,3,'2020-04-29 10:14:56'),(2812,938,1,'2020-02-05 16:50:27'),(2813,938,2,'2020-02-05 16:55:27'),(2814,938,3,'2020-02-05 18:39:27'),(2815,939,1,'2020-06-28 13:42:43'),(2816,939,2,'2020-06-28 13:47:43'),(2817,939,3,'2020-06-28 15:17:43'),(2818,940,1,'2020-11-28 08:53:27'),(2819,940,2,'2020-11-28 08:58:27'),(2820,940,3,'2020-11-28 10:07:27'),(2821,941,1,'2020-10-17 03:49:55'),(2822,941,2,'2020-10-17 03:54:55'),(2823,941,3,'2020-10-17 04:21:55'),(2824,942,1,'2020-10-29 17:14:45'),(2825,942,2,'2020-10-29 17:19:45'),(2826,942,3,'2020-10-29 17:53:45'),(2827,943,1,'2020-12-13 00:46:06'),(2828,943,2,'2020-12-13 00:51:06'),(2829,943,3,'2020-12-13 02:35:06'),(2830,944,1,'2020-07-17 11:02:20'),(2831,944,2,'2020-07-17 11:07:20'),(2832,944,3,'2020-07-17 12:09:20'),(2833,945,1,'2020-05-20 07:54:08'),(2834,945,2,'2020-05-20 07:59:08'),(2835,945,3,'2020-05-20 08:40:08'),(2836,946,1,'2020-12-15 18:01:36'),(2837,946,2,'2020-12-15 18:06:36'),(2838,946,3,'2020-12-15 19:43:36'),(2839,947,1,'2020-02-29 05:16:11'),(2840,947,2,'2020-02-29 05:21:11'),(2841,947,3,'2020-02-29 05:48:11'),(2842,948,1,'2020-05-07 19:55:51'),(2843,948,2,'2020-05-07 20:00:51'),(2844,948,3,'2020-05-07 21:16:51'),(2845,949,1,'2020-11-03 20:02:07'),(2846,949,2,'2020-11-03 20:07:07'),(2847,949,3,'2020-11-03 20:34:07'),(2848,950,1,'2020-06-13 03:21:53'),(2849,950,2,'2020-06-13 03:26:53'),(2850,950,3,'2020-06-13 04:21:53'),(2851,951,1,'2020-12-02 01:43:13'),(2852,951,2,'2020-12-02 01:48:13'),(2853,951,3,'2020-12-02 03:18:13'),(2854,952,1,'2020-02-19 18:17:31'),(2855,952,2,'2020-02-19 18:22:31'),(2856,952,3,'2020-02-19 19:45:31'),(2857,953,1,'2020-07-30 18:38:08'),(2858,953,2,'2020-07-30 18:43:08'),(2859,953,3,'2020-07-30 19:17:08'),(2860,954,1,'2020-08-15 04:14:37'),(2861,954,2,'2020-08-15 04:19:37'),(2862,954,3,'2020-08-15 05:42:37'),(2863,955,1,'2020-05-07 18:56:04'),(2864,955,2,'2020-05-07 19:01:04'),(2865,955,3,'2020-05-07 20:31:04'),(2866,956,1,'2020-06-12 12:04:05'),(2867,956,2,'2020-06-12 12:09:05'),(2868,956,3,'2020-06-12 12:57:05'),(2869,957,1,'2020-03-07 17:25:56'),(2870,957,2,'2020-03-07 17:30:56'),(2871,957,3,'2020-03-07 18:32:56'),(2872,958,1,'2020-09-18 16:43:29'),(2873,958,2,'2020-09-18 16:48:29'),(2874,958,3,'2020-09-18 18:32:29'),(2875,959,1,'2020-03-13 08:09:30'),(2876,959,2,'2020-03-13 08:14:30'),(2877,959,3,'2020-03-13 10:05:30'),(2878,960,1,'2020-05-16 13:00:20'),(2879,960,2,'2020-05-16 13:05:20'),(2880,960,3,'2020-05-16 13:25:20'),(2881,961,1,'2020-06-07 10:42:39'),(2882,961,2,'2020-06-07 10:47:39'),(2883,961,3,'2020-06-07 12:31:39'),(2884,962,1,'2020-01-10 01:51:04'),(2885,962,2,'2020-01-10 01:56:04'),(2886,962,3,'2020-01-10 03:26:04'),(2887,963,1,'2020-06-05 00:34:18'),(2888,963,2,'2020-06-05 00:39:18'),(2889,963,3,'2020-06-05 02:37:18'),(2890,964,1,'2020-11-05 09:28:27'),(2891,964,2,'2020-11-05 09:33:27'),(2892,964,3,'2020-11-05 11:10:27'),(2893,965,1,'2020-03-07 02:33:56'),(2894,965,2,'2020-03-07 02:38:56'),(2895,965,3,'2020-03-07 04:22:56'),(2896,966,1,'2020-06-04 18:41:11'),(2897,966,2,'2020-06-04 18:46:11'),(2898,966,3,'2020-06-04 20:23:11'),(2899,967,1,'2020-06-07 06:57:36'),(2900,967,2,'2020-06-07 07:02:36'),(2901,967,3,'2020-06-07 08:53:36'),(2902,968,1,'2020-01-10 02:08:46'),(2903,968,2,'2020-01-10 02:13:46'),(2904,968,3,'2020-01-10 03:36:46'),(2905,969,1,'2020-07-12 03:42:10'),(2906,969,2,'2020-07-12 03:47:10'),(2907,969,3,'2020-07-12 04:28:10'),(2908,970,1,'2020-12-06 15:07:00'),(2909,970,2,'2020-12-06 15:12:00'),(2910,970,4,'2020-12-06 16:00:00'),(2911,971,1,'2020-05-19 19:16:39'),(2912,971,2,'2020-05-19 19:21:39'),(2913,971,3,'2020-05-19 19:41:39'),(2914,972,1,'2020-01-26 19:26:13'),(2915,972,2,'2020-01-26 19:31:13'),(2916,972,3,'2020-01-26 20:05:13'),(2917,973,1,'2020-10-29 16:03:20'),(2918,973,2,'2020-10-29 16:08:20'),(2919,973,3,'2020-10-29 17:24:20'),(2920,974,1,'2020-05-07 20:15:55'),(2921,974,2,'2020-05-07 20:20:55'),(2922,974,3,'2020-05-07 20:47:55'),(2923,975,1,'2020-03-07 12:08:29'),(2924,975,2,'2020-03-07 12:13:29'),(2925,975,3,'2020-03-07 12:54:29'),(2926,976,1,'2020-06-27 06:29:26'),(2927,976,2,'2020-06-27 06:34:26'),(2928,976,3,'2020-06-27 07:36:26'),(2929,977,1,'2020-08-25 06:58:01'),(2930,977,2,'2020-08-25 07:03:01'),(2931,977,3,'2020-08-25 07:23:01'),(2932,978,1,'2020-07-30 14:53:00'),(2933,978,2,'2020-07-30 14:58:00'),(2934,978,4,'2020-07-30 16:00:00'),(2935,979,1,'2020-03-20 00:07:30'),(2936,979,2,'2020-03-20 00:12:30'),(2937,979,3,'2020-03-20 00:46:30'),(2938,980,1,'2020-03-07 11:55:02'),(2939,980,2,'2020-03-07 12:00:02'),(2940,980,3,'2020-03-07 13:02:02'),(2941,981,1,'2020-09-09 08:37:27'),(2942,981,2,'2020-09-09 08:42:27'),(2943,981,3,'2020-09-09 09:02:27'),(2944,982,1,'2020-01-10 07:59:36'),(2945,982,2,'2020-01-10 08:04:36'),(2946,982,3,'2020-01-10 10:09:36'),(2947,983,1,'2020-07-18 10:23:02'),(2948,983,2,'2020-07-18 10:28:02'),(2949,983,3,'2020-07-18 11:16:02'),(2950,984,1,'2020-04-06 19:41:07'),(2951,984,2,'2020-04-06 19:46:07'),(2952,984,3,'2020-04-06 20:06:07'),(2953,985,1,'2020-03-20 04:27:34'),(2954,985,2,'2020-03-20 04:32:34'),(2955,985,3,'2020-03-20 05:20:34'),(2956,986,1,'2020-01-26 18:01:31'),(2957,986,2,'2020-01-26 18:06:31'),(2958,986,3,'2020-01-26 19:36:31'),(2959,987,1,'2020-02-05 18:17:11'),(2960,987,2,'2020-02-05 18:22:11'),(2961,987,3,'2020-02-05 18:56:11'),(2962,988,1,'2020-06-05 01:41:27'),(2963,988,2,'2020-06-05 01:46:27'),(2964,988,3,'2020-06-05 02:48:27'),(2965,989,1,'2020-05-02 10:18:00'),(2966,989,2,'2020-05-02 10:23:00'),(2967,989,4,'2020-05-02 12:00:00'),(2968,990,1,'2020-05-21 01:28:20'),(2969,990,2,'2020-05-21 01:33:20'),(2970,990,3,'2020-05-21 03:38:20'),(2971,991,1,'2020-05-06 10:38:49'),(2972,991,2,'2020-05-06 10:43:49'),(2973,991,3,'2020-05-06 11:17:49'),(2974,992,1,'2020-03-08 08:38:25'),(2975,992,2,'2020-03-08 08:43:25'),(2976,992,3,'2020-03-08 09:38:25'),(2977,993,1,'2020-10-17 03:14:03'),(2978,993,2,'2020-10-17 03:19:03'),(2979,993,3,'2020-10-17 04:28:03'),(2980,994,1,'2020-08-18 14:30:04'),(2981,994,2,'2020-08-18 14:35:04'),(2982,994,3,'2020-08-18 16:05:04'),(2983,995,1,'2020-12-15 09:21:56'),(2984,995,2,'2020-12-15 09:26:56'),(2985,995,3,'2020-12-15 11:17:56'),(2986,996,1,'2020-10-29 20:51:19'),(2987,996,2,'2020-10-29 20:56:19'),(2988,996,3,'2020-10-29 22:40:19'),(2989,997,1,'2020-12-13 12:40:04'),(2990,997,2,'2020-12-13 12:45:04'),(2991,997,3,'2020-12-13 13:19:04'),(2992,998,1,'2020-03-08 09:26:44'),(2993,998,2,'2020-03-08 09:31:44'),(2994,998,3,'2020-03-08 10:26:44'),(2995,999,1,'2020-10-30 23:28:00'),(2996,999,2,'2020-10-30 23:33:00'),(2997,999,4,'2020-10-31 00:00:00'),(2998,1000,1,'2020-07-25 15:57:59'),(2999,1000,2,'2020-07-25 16:02:59'),(3000,1000,3,'2020-07-25 17:46:59');
